item_id,shop_id,drink_name,drink_category,flavor,available_hot,available_iced,size,min_price,max_price,milk_options,matcha_type_claim,menu_source,menu_url,date_collected,price_is_starting,extraction_evidence,review_status
ITM001,SEA001,Ceremonial,Matcha,Original,TRUE,TRUE,12oz;16oz,7.0,8.0,,Ceremonial,Official Website,https://www.itsmatchamagic.com/online-ordering/south-lake-union/menu,2026-08-28,False,Human-validated pilot menu record,Reviewed
ITM002,SEA001,Matcha Latte,Matcha Latte,Original,TRUE,TRUE,12oz;16oz,7.0,8.0,Horchata; 2%; Oat; Almond; Coconut; Soy,Ceremonial,Official Website,https://www.itsmatchamagic.com/online-ordering/south-lake-union/menu,2026-08-28,False,Human-validated pilot menu record,Reviewed
ITM003,SEA001,Strawberry Matcha,Matcha Latte,Strawberry,FALSE,TRUE,16oz,9.0,9.0,Horchata; 2%; Oat; Almond; Coconut; Soy,Ceremonial,Official Website,https://www.itsmatchamagic.com/online-ordering/south-lake-union/menu,2026-08-28,False,Human-validated pilot menu record,Reviewed
ITM004,SEA001,Matcha Horchata,Matcha Latte,Horchata,TRUE,TRUE,12oz;16oz,8.5,9.5,Horchata,Ceremonial,Official Website,https://www.itsmatchamagic.com/online-ordering/south-lake-union/menu,2026-08-28,False,Human-validated pilot menu record,Reviewed
ITM005,SEA001,Banana Cream Matcha,Matcha Latte,Banana,FALSE,TRUE,16oz,9.5,9.5,Horchata; 2%; Oat; Almond; Coconut; Soy,Ceremonial,Official Website,https://www.itsmatchamagic.com/online-ordering/south-lake-union/menu,2026-08-28,False,Human-validated pilot menu record,Reviewed
ITM006,SEA001,Earl Grey Matcha,Matcha Latte,Earl Grey,FALSE,TRUE,16oz,8.5,8.5,Horchata; 2%; Oat; Almond; Coconut; Soy,Ceremonial,Official Website,https://www.itsmatchamagic.com/online-ordering/south-lake-union/menu,2026-08-28,False,Human-validated pilot menu record,Reviewed
ITM007,SEA001,Matcha Mallow,Matcha Latte,Marshmallow,TRUE,TRUE,12oz;16oz,7.5,8.5,Horchata; 2%; Oat; Almond; Coconut; Soy,Ceremonial,Official Website,https://www.itsmatchamagic.com/online-ordering/south-lake-union/menu,2026-08-28,False,Human-validated pilot menu record,Reviewed
ITM008,SEA001,Triple Matcha,Matcha Latte,Original,FALSE,TRUE,16oz,9.5,9.5,Horchata; 2%; Oat; Almond; Coconut; Soy,Ceremonial,Official Website,https://www.itsmatchamagic.com/online-ordering/south-lake-union/menu,2026-08-28,False,Human-validated pilot menu record,Reviewed
ITM009,SEA001,Purple Rain,Matcha Latte,Ube,FALSE,TRUE,16oz,10.0,10.0,Horchata; 2%; Oat; Almond; Coconut; Soy,Ceremonial,Official Website,https://www.itsmatchamagic.com/online-ordering/south-lake-union/menu,2026-08-28,False,Human-validated pilot menu record,Reviewed
ITM010,SEA001,Matcha Magic Latte,Matcha Latte,Original,TRUE,TRUE,12oz;16oz,8.5,9.5,Horchata; 2%; Oat; Almond; Coconut; Soy,Ceremonial,Official Website,https://www.itsmatchamagic.com/online-ordering/south-lake-union/menu,2026-08-28,False,Human-validated pilot menu record,Reviewed
ITM011,SEA001,Blueberry Matcha,Matcha Latte,Blueberry,FALSE,TRUE,16oz,9.5,9.5,Horchata; 2%; Oat; Almond; Coconut; Soy,Ceremonial,Official Website,https://www.itsmatchamagic.com/online-ordering/south-lake-union/menu,2026-08-28,False,Human-validated pilot menu record,Reviewed
ITM012,SEA001,Black Sesame Matcha,Matcha Latte,Black Sesame,FALSE,TRUE,16oz,9.0,9.0,Horchata; 2%; Oat; Almond; Coconut; Soy,Ceremonial,Official Website,https://www.itsmatchamagic.com/online-ordering/south-lake-union/menu,2026-08-28,False,Human-validated pilot menu record,Reviewed
ITM013,SEA001,Caramel Maca-iato,Matcha Latte,Caramel,TRUE,TRUE,12oz;16oz,8.5,9.5,Horchata; 2%; Oat; Almond; Coconut; Soy,Ceremonial,Official Website,https://www.itsmatchamagic.com/online-ordering/south-lake-union/menu,2026-08-28,False,Human-validated pilot menu record,Reviewed
ITM014,SEA001,Coconut Matcha Latte,Matcha Latte,Coconut,FALSE,TRUE,16oz,8.5,8.5,Horchata; 2%; Oat; Almond; Coconut; Soy,Ceremonial,Official Website,https://www.itsmatchamagic.com/online-ordering/south-lake-union/menu,2026-08-28,False,Human-validated pilot menu record,Reviewed
ITM015,SEA001,Banana Matcha,Matcha Smoothie,Banana,FALSE,TRUE,16oz,12.0,12.0,Horchata; 2%; Oat; Almond; Coconut; Soy,Ceremonial,Official Website,https://www.itsmatchamagic.com/online-ordering/south-lake-union/menu,2026-08-28,False,Human-validated pilot menu record,Reviewed
ITM016,SEA002,Premium Uji Matcha Latte,Matcha Latte,Original,FALSE,TRUE,20oz,7.75,7.75,Whole; Oat,Uji,Official Website,https://themoobar.muncho.ai/post/detail?businessId=6330aa766d384e110d80979b&noBack=true&needShowSafariGuide=false,2026-08-28,False,Human-validated pilot menu record,Reviewed
ITM017,SEA002,Meiko Ceremonial Matcha Latte,Matcha Latte,Original,FALSE,TRUE,20oz,9.25,9.25,Whole; Oat,Ceremonial,Official Website,https://themoobar.muncho.ai/post/detail?businessId=6330aa766d384e110d80979b&noBack=true&needShowSafariGuide=false,2026-08-28,False,Human-validated pilot menu record,Reviewed
ITM018,SEA002,Earl Grey Matcha,Matcha Latte,Earl Grey,FALSE,TRUE,20oz,8.5,10.0,Whole; Oat,Uji; Ceremonial,Official Website,https://themoobar.muncho.ai/post/detail?businessId=6330aa766d384e110d80979b&noBack=true&needShowSafariGuide=false,2026-08-28,False,Human-validated pilot menu record,Reviewed
ITM019,SEA002,Cookie Butter Matcha Latte,Matcha Latte,Cookie Butter,FALSE,TRUE,20oz,9.0,10.5,Whole; Oat,Uji; Ceremonial,Official Website,https://themoobar.muncho.ai/post/detail?businessId=6330aa766d384e110d80979b&noBack=true&needShowSafariGuide=false,2026-08-28,False,Human-validated pilot menu record,Reviewed
ITM020,SEA002,Yuzu Matcha Latte,Matcha Latte,Yuzu Lemon,FALSE,TRUE,20oz,9.0,10.5,Whole; Oat,Uji; Ceremonial,Official Website,https://themoobar.muncho.ai/post/detail?businessId=6330aa766d384e110d80979b&noBack=true&needShowSafariGuide=false,2026-08-28,False,Human-validated pilot menu record,Reviewed
ITM021,SEA002,Pistachio Cream Matcha Latte,Matcha Latte,Pistachio,FALSE,TRUE,20oz,9.25,10.75,Whole; Oat,Uji; Ceremonial,Official Website,https://themoobar.muncho.ai/post/detail?businessId=6330aa766d384e110d80979b&noBack=true&needShowSafariGuide=false,2026-08-28,False,Human-validated pilot menu record,Reviewed
ITM022,SEA002,Mango Sticky Rice Matcha Latte,Matcha Latte,Mango,FALSE,TRUE,20oz,8.75,10.25,Whole,Uji; Ceremonial,Official Website,https://themoobar.muncho.ai/post/detail?businessId=6330aa766d384e110d80979b&noBack=true&needShowSafariGuide=false,2026-08-28,False,Human-validated pilot menu record,Reviewed
ITM023,SEA002,Mango Matcha Latte,Matcha Latte,Mango,FALSE,TRUE,20oz,8.0,9.5,Whole,Uji; Ceremonial,Official Website,https://themoobar.muncho.ai/post/detail?businessId=6330aa766d384e110d80979b&noBack=true&needShowSafariGuide=false,2026-08-28,False,Human-validated pilot menu record,Reviewed
ITM024,SEA002,Matcha Tiramisu Matcha Latte,Matcha Latte,Matcha Tiramisu,FALSE,TRUE,20oz,9.25,9.25,Whole,Uji; Ceremonial,Official Website,https://themoobar.muncho.ai/post/detail?businessId=6330aa766d384e110d80979b&noBack=true&needShowSafariGuide=false,2026-08-28,False,Human-validated pilot menu record,Reviewed
ITM025,SEA002,Strawberry Matcha,Matcha Latte,Strawberry,FALSE,TRUE,20oz,8.0,9.5,Whole,Uji; Ceremonial,Official Website,https://themoobar.muncho.ai/post/detail?businessId=6330aa766d384e110d80979b&noBack=true&needShowSafariGuide=false,2026-08-28,False,Human-validated pilot menu record,Reviewed
ITM026,SEA002,Banana Bread Matcha Latte,Matcha Latte,Banana,FALSE,TRUE,20oz,8.25,9.75,Whole; Oat,Uji; Ceremonial,Official Website,https://themoobar.muncho.ai/post/detail?businessId=6330aa766d384e110d80979b&noBack=true&needShowSafariGuide=false,2026-08-28,False,Human-validated pilot menu record,Reviewed
ITM027,SEA002,Matcha Brulee,Matcha Smoothie,Cream Brulee,FALSE,TRUE,20oz,8.75,8.75,,Uji,Official Website,https://themoobar.muncho.ai/post/detail?businessId=6330aa766d384e110d80979b&noBack=true&needShowSafariGuide=false,2026-08-28,False,Human-validated pilot menu record,Reviewed
ITM028,SEA002,Cloudy Oreo Matcha,Matcha Smoothie,Oreo,FALSE,TRUE,20oz,8.25,8.25,,Uji,Official Website,https://themoobar.muncho.ai/post/detail?businessId=6330aa766d384e110d80979b&noBack=true&needShowSafariGuide=false,2026-08-28,False,Human-validated pilot menu record,Reviewed
ITM029,SEA003,Triple Supreme Matcha Latte,Matcha Latte,Original,TRUE,TRUE,16oz,7.99,7.99,,,Official App,https://apps.apple.com/us/app/heytea/id6468945008,2026-08-28,False,Human-validated pilot menu record,Reviewed
ITM030,SEA003,Matcha Cloud Coconut Blue,Matcha Latte,Coconut,FALSE,TRUE,16oz,8.49,8.49,,,Official App,https://apps.apple.com/us/app/heytea/id6468945008,2026-08-28,False,Human-validated pilot menu record,Reviewed
ITM031,SEA003,Cloud Matcha Latte,Matcha Latte,Original,TRUE,TRUE,16oz,7.99,7.99,,,Official App,https://apps.apple.com/us/app/heytea/id6468945008,2026-08-28,False,Human-validated pilot menu record,Reviewed
SEA004-AI-001,SEA004,Matcha-Americano,Matcha,Original,,True,,5.5,5.5,,Ceremonial,Official Website,https://order.toasttab.com/online/matcha-man-ice-cream-taiyaki-6014-12th-ave-s,2026-08-29,False,Ceremonial matcha & water,Reviewed
SEA004-AI-002,SEA004,Matcha Latte,Matcha Latte,Original,,True,,7.0,,,Ceremonial,Official Website,https://order.toasttab.com/online/matcha-man-ice-cream-taiyaki-6014-12th-ave-s,2026-08-29,True,"Organic ceremonial matcha, milk, pure maple syrup",Reviewed
SEA004-AI-003,SEA004,Sakura Matcha Latte,Matcha Latte,Sakura,,True,,7.25,,,Ceremonial,Official Website,https://order.toasttab.com/online/matcha-man-ice-cream-taiyaki-6014-12th-ave-s,2026-08-29,True,sakura infused syrup,Reviewed
SEA004-AI-004,SEA004,Lavender Matcha Latte,Matcha Latte,Lavender,,True,,7.25,,,Ceremonial,Official Website,https://order.toasttab.com/online/matcha-man-ice-cream-taiyaki-6014-12th-ave-s,2026-08-29,True,lavender syrup,Reviewed
SEA004-AI-005,SEA004,Rose Matcha Latte,Matcha Latte,Rose,,True,,7.25,,,Ceremonial,Official Website,https://order.toasttab.com/online/matcha-man-ice-cream-taiyaki-6014-12th-ave-s,2026-08-29,True,rose infused syrup,Reviewed
SEA004-AI-006,SEA004,Chai Matcha Latte,Matcha Latte,Chai,,True,,6.75,,,Ceremonial,Official Website,https://order.toasttab.com/online/matcha-man-ice-cream-taiyaki-6014-12th-ave-s,2026-08-29,True,"Organic ceremonial matcha, spiced chai, milk",Reviewed
SEA004-AI-007,SEA004,Vanilla Matcha Latte,Matcha Latte,Vanilla,,True,,7.25,,,Ceremonial,Official Website,https://order.toasttab.com/online/matcha-man-ice-cream-taiyaki-6014-12th-ave-s,2026-08-29,True,"vanilla paste, maple syrup",Reviewed
SEA004-AI-008,SEA004,Strawberry Matcha Latte,Matcha Latte,Strawberry,,True,,7.5,,,Ceremonial,Official Website,https://order.toasttab.com/online/matcha-man-ice-cream-taiyaki-6014-12th-ave-s,2026-08-29,True,fresh strawberry puree,Reviewed
SEA004-AI-009,SEA004,Double Strawberry Matcha Latte,Matcha Latte,Strawberry,,True,,9.0,9.0,,Ceremonial,Official Website,https://order.toasttab.com/online/matcha-man-ice-cream-taiyaki-6014-12th-ave-s,2026-08-29,False,with strawberry cream top,Reviewed
SEA004-AI-010,SEA004,Strawberry Cream Top Matcha Latte,Matcha Latte,Strawberry,False,True,,8.5,8.5,,Ceremonial,Official Website,https://order.toasttab.com/online/matcha-man-ice-cream-taiyaki-6014-12th-ave-s,2026-08-29,False,(iced only),Reviewed
SEA004-AI-011,SEA004,Salted Cream Top Matcha Latte,Matcha Latte,Original,,True,,8.0,8.0,,Ceremonial,Official Website,https://order.toasttab.com/online/matcha-man-ice-cream-taiyaki-6014-12th-ave-s,2026-08-29,False,salted cream cold foam,Reviewed
SEA004-AI-012,SEA004,Coconut Matcha Cloud,Matcha,Coconut,False,True,,7.5,,,,Official Website,https://order.toasttab.com/online/matcha-man-ice-cream-taiyaki-6014-12th-ave-s,2026-08-29,True,(iced only) - $7.50+,Reviewed
SEA004-AI-013,SEA004,Calamansi Matcha Soda,Matcha Soda,Calamansi,,True,,5.75,,,Ceremonial,Official Website,https://order.toasttab.com/online/matcha-man-ice-cream-taiyaki-6014-12th-ave-s,2026-08-29,True,"Ceremonial matcha, pure calamansi juice, club soda",Reviewed
SEA004-AI-014,SEA004,Carrot Cake Matcha Latte,Matcha Latte,Carrot Cake,,True,,8.0,8.0,,,Official Website,https://order.toasttab.com/online/matcha-man-ice-cream-taiyaki-6014-12th-ave-s,2026-08-29,False,Carrot Cake Matcha Latte with house made carrot cake syrup,Reviewed
SEA004-AI-015,SEA004,Banana Bread Matcha Latte,Matcha Latte,Banana Bread,,True,,8.5,8.5,,,Official Website,https://order.toasttab.com/online/matcha-man-ice-cream-taiyaki-6014-12th-ave-s,2026-08-29,False,Banana Bread Matcha Latte with house made banana bread syrup,Reviewed
SEA005-AI-001,SEA005,Matcha-O-Latte,Matcha Latte,Original,,True,,7.25,7.25,,,Official Website,https://drip-drip-coffeehouse-seattle.cloveronline.com/menu/all,2026-08-29,False,"Matcha-O-Latte - $7.25; Matcha, oat milk, and sugarcane.",Reviewed
SEA005-AI-002,SEA005,Matcha Banana Latte,Matcha Latte,Banana,,True,,8.25,8.25,,,Official Website,https://drip-drip-coffeehouse-seattle.cloveronline.com/menu/all,2026-08-29,False,Matcha Banana Latte - $8.25; paired with our in-house banana foam,Reviewed
SEA005-AI-003,SEA005,Matcha Strawberry Latte,Matcha Latte,Strawberry,,True,,8.25,8.25,,,Official Website,https://drip-drip-coffeehouse-seattle.cloveronline.com/menu/all,2026-08-29,False,Matcha Strawberry Latte - $8.25; paired with our in-house strawberry jam foam.,Reviewed
SEA005-AI-004,SEA005,Matcha Mango Latte,Matcha Latte,Mango,,True,,8.25,8.25,,,Official Website,https://drip-drip-coffeehouse-seattle.cloveronline.com/menu/all,2026-08-29,False,Matcha Mango Latte - $8.25; paired with our in-house mango foam.,Reviewed
SEA005-AI-005,SEA005,Matcha Salted Cheese Latte,Matcha Latte,Original,,True,,8.25,8.25,,,Official Website,https://drip-drip-coffeehouse-seattle.cloveronline.com/menu/all,2026-08-29,False,Matcha Salted Cheese Latte - $8.25,Reviewed
SEA005-AI-006,SEA005,Matcha Non-Dairy Latte,Matcha Latte,Original,,True,,8.25,8.25,,,Official Website,https://drip-drip-coffeehouse-seattle.cloveronline.com/menu/all,2026-08-29,False,Matcha Non-Dairy Latte - $8.25; NON-DAIRY,Reviewed
SEA005-AI-007,SEA005,Matcha Creme Brulee Latte,Matcha Latte,Creme Brulee,,True,,8.25,8.25,,,Official Website,https://drip-drip-coffeehouse-seattle.cloveronline.com/menu/all,2026-08-29,False,Matcha Creme Brulee Latte - $8.25,Reviewed
SEA005-AI-008,SEA005,Matcha Salted Egg Yolk Latte,Matcha Latte,Salted Egg Yolk,,True,,8.5,8.5,,,Official Website,https://drip-drip-coffeehouse-seattle.cloveronline.com/menu/all,2026-08-29,False,Matcha Salted Egg Yolk Latte - $8.50,Reviewed
SEA005-AI-009,SEA005,Matcha Sesame Latte,Matcha Latte,Sesame,,True,,8.25,8.25,,,Official Website,https://drip-drip-coffeehouse-seattle.cloveronline.com/menu/all,2026-08-29,False,Matcha Sesame Latte - $8.25; paired with our in-house sesame foam.,Reviewed
SEA005-AI-010,SEA005,Matcha Blossom Latte,Matcha Latte,Cherry Blossom,,True,,8.25,8.25,,,Official Website,https://drip-drip-coffeehouse-seattle.cloveronline.com/menu/all,2026-08-29,False,Matcha Blossom Latte - $8.25; cherry blossom/sakura foam.,Reviewed
SEA005-AI-011,SEA005,Double Matcha Latte,Matcha Latte,Pandan,,True,,8.25,8.25,,,Official Website,https://drip-drip-coffeehouse-seattle.cloveronline.com/menu/all,2026-08-29,False,"Double Matcha Latte - $8.25; Matcha, oat milk, sugarcane, pandan",Reviewed
SEA005-AI-012,SEA005,Matcha Taro/Ube Latte,Matcha Latte,Taro; Ube,,True,,8.25,8.25,,,Official Website,https://drip-drip-coffeehouse-seattle.cloveronline.com/menu/all,2026-08-29,False,Matcha Taro/Ube Latte - $8.25; taro ube foam.,Reviewed
SEA005-AI-013,SEA005,Matcha Cloud,Matcha,,,True,,6.5,6.5,,,Official Website,https://drip-drip-coffeehouse-seattle.cloveronline.com/menu/all,2026-08-29,False,Matcha Cloud - $6.50,Reviewed
SEA006-AI-001,SEA006,Ceremonial Matcha,Matcha,Original,,True,,,,,Ceremonial,Official Website,https://www.itsmatchamagic.com/menus/,2026-08-29,False,Our ceremonial matcha traditionally prepared with water.,Reviewed
SEA006-AI-002,SEA006,Matcha Latte,Matcha Latte,Original,,True,,,,2%; Oat; Soy; Coconut; Almond,,Official Website,https://www.itsmatchamagic.com/menus/,2026-08-29,False,"Matcha + milk, lightly sweetened.",Reviewed
SEA006-AI-003,SEA006,Strawberry Matcha Latte,Matcha Latte,Strawberry,,True,,,,2%; Oat; Soy; Coconut; Almond,,Official Website,https://www.itsmatchamagic.com/menus/,2026-08-29,False,Matcha + house-made strawberry puree + milk.,Reviewed
SEA006-AI-004,SEA006,Matcha Horchata,Matcha Latte,Horchata,,True,,,,,,Official Website,https://www.itsmatchamagic.com/menus/,2026-08-29,False,Matcha + house-made horchata.,Reviewed
SEA006-AI-005,SEA006,Toasted MatchaMallow Latte,Matcha Latte,Toasted Marshmallow,,True,,,,2%; Oat; Soy; Coconut; Almond,,Official Website,https://www.itsmatchamagic.com/menus/,2026-08-29,False,Matcha + marshmallow + milk + toasted marshmallow.,Reviewed
SEA006-AI-006,SEA006,Matcha Colada,Matcha Latte,Pineapple; Coconut,,True,,,,2%; Oat; Soy; Coconut; Almond,,Official Website,https://www.itsmatchamagic.com/menus/,2026-08-29,False,Matcha + house-made pineapple puree + coconut + milk.,Reviewed
SEA006-AI-007,SEA006,Purple Rain,Matcha Latte,Lavender; Ube,,True,,,,2%; Oat; Soy; Coconut; Almond,,Official Website,https://www.itsmatchamagic.com/menus/,2026-08-29,False,Lavender + ube + milk + matcha sweet cream.,Reviewed
SEA006-AI-008,SEA006,Matcha Lemonade,Matcha,Lemon,,True,,,,,,Official Website,https://www.itsmatchamagic.com/menus/,2026-08-29,False,Matcha + lemonade.,Reviewed
SEA006-AI-009,SEA006,Double Matcha,Matcha Latte,Original,,True,,,,2%; Oat; Soy; Coconut; Almond,,Official Website,https://www.itsmatchamagic.com/menus/,2026-08-29,False,Matcha + milk + matcha sweet cream.,Reviewed
SEA006-AI-010,SEA006,Banana Cream Matcha,Matcha Latte,Banana; Cinnamon,,True,,,,2%; Oat; Soy; Coconut; Almond,,Official Website,https://www.itsmatchamagic.com/menus/,2026-08-29,False,Matcha + milk + banana sweet cream + dash of cinnamon.,Reviewed
SEA006-AI-011,SEA006,Matcha Magic Latte,Matcha Latte,Original,,True,,,,2%; Oat; Soy; Coconut; Almond,,Official Website,https://www.itsmatchamagic.com/menus/,2026-08-29,False,"Matcha + cordyceps + lion's mane + milk, lightly sweetened.",Reviewed
SEA006-AI-012,SEA006,Magic Mocha,Matcha Latte,Cacao; Vanilla; Cinnamon,,True,,,,2%; Oat; Soy; Coconut; Almond,,Official Website,https://www.itsmatchamagic.com/menus/,2026-08-29,False,Matcha + cacao + maca + reishi + vanilla + cinnamon + milk.,Reviewed
SEA006-AI-013,SEA006,Caramel Maca-iato,Matcha Latte,Caramel; Vanilla,,True,,,,2%; Oat; Soy; Coconut; Almond,,Official Website,https://www.itsmatchamagic.com/menus/,2026-08-29,False,Matcha + collagen + maca + reishi + vanilla + milk + caramel sauce.,Reviewed
SEA006-AI-014,SEA006,Blueberry Matcha,Matcha Latte,Blueberry; Lavender,,True,,,,2%; Oat; Soy; Coconut; Almond,,Official Website,https://www.itsmatchamagic.com/menus/,2026-08-29,False,Matcha + blue spirulina + blueberry puree + lavender + milk.,Reviewed
SEA006-AI-015,SEA006,Banana Matcha,Matcha Smoothie,Banana; Coconut,,True,,,,2%; Oat; Soy; Coconut; Almond,,Official Website,https://www.itsmatchamagic.com/menus/,2026-08-29,False,"Matcha, banana and organic milk, swirled with coconut cream.",Reviewed
SEA008-AI-001,SEA008,Classic Matcha Latte,Matcha Latte,Original,,True,16 oz,8.0,8.0,Oat; Almond; Corn,Ceremonial; Kanayamidori; Yabukita,Official Website,https://www.minasmatcha.com/s/Minas_Matcha_Menu.pdf,2026-08-29,False,"Classic Matcha Latte - $8.00
matcha, organic agave, milk",Reviewed
SEA008-AI-002,SEA008,Double Matcha Latte,Matcha Latte,Original,,True,16 oz,9.0,9.0,Oat; Almond; Corn,Ceremonial; Kanayamidori; Yabukita,Official Website,https://www.minasmatcha.com/s/Minas_Matcha_Menu.pdf,2026-08-29,False,"Double Matcha Latte - $9.00
matcha, organic agave, milk, matcha cream top",Reviewed
SEA008-AI-003,SEA008,Vanilla Matcha Latte,Matcha Latte,Vanilla,,True,16 oz,8.5,8.5,Oat; Almond; Corn,Ceremonial; Kanayamidori; Yabukita,Official Website,https://www.minasmatcha.com/s/Minas_Matcha_Menu.pdf,2026-08-29,False,"Vanilla Matcha Latte - $8.50
matcha, vanilla syrup, milk",Reviewed
SEA008-AI-004,SEA008,Lavender Matcha Latte,Matcha Latte,Lavender,,True,16 oz,8.5,8.5,Oat; Almond; Corn,Ceremonial; Kanayamidori; Yabukita,Official Website,https://www.minasmatcha.com/s/Minas_Matcha_Menu.pdf,2026-08-29,False,"Lavender Matcha Latte - $8.50
matcha, lavender syrup, milk",Reviewed
SEA008-AI-005,SEA008,Earl Grey Matcha Latte,Matcha Latte,Earl Grey,,True,16 oz,8.95,8.95,Oat; Almond; Corn,Ceremonial; Kanayamidori; Yabukita,Official Website,https://www.minasmatcha.com/s/Minas_Matcha_Menu.pdf,2026-08-29,False,"Earl Grey Matcha Latte - $8.95
matcha, house made earl grey syrup, milk",Reviewed
SEA008-AI-006,SEA008,Strawberry Matcha Latte,Matcha Latte,Strawberry,,True,16 oz,8.95,8.95,Oat; Almond; Corn,Ceremonial; Kanayamidori; Yabukita,Official Website,https://www.minasmatcha.com/s/Minas_Matcha_Menu.pdf,2026-08-29,False,"Strawberry Matcha Latte - $8.95
matcha, house made strawberry puree, milk, strawberry cream top",Reviewed
SEA008-AI-007,SEA008,Ube Matcha Latte,Matcha Latte,Ube,,True,16 oz,8.95,8.95,Oat; Almond; Corn,Ceremonial; Kanayamidori; Yabukita,Official Website,https://www.minasmatcha.com/s/Minas_Matcha_Menu.pdf,2026-08-29,False,"Ube Matcha Latte - $8.95
matcha, organic agave, milk, ube cream top",Reviewed
SEA008-AI-008,SEA008,Brown Sugar Matcha Latte,Matcha Latte,Brown Sugar,,True,16 oz,8.95,8.95,Oat; Almond; Corn,Ceremonial; Kanayamidori; Yabukita,Official Website,https://www.minasmatcha.com/s/Minas_Matcha_Menu.pdf,2026-08-29,False,"Brown Sugar Matcha Latte - $8.95
matcha, house made brown sugar syrup, milk",Reviewed
SEA008-AI-009,SEA008,Banana Pudding Matcha Latte,Matcha Latte,Banana Pudding,,True,16 oz,11.5,11.5,Oat; Almond; Corn,Ceremonial; Kanayamidori; Yabukita,Official Website,https://www.minasmatcha.com/s/Minas_Matcha_Menu.pdf,2026-08-29,False,"Banana Pudding Matcha Latte - $11.50
matcha, milk, vanilla syrup, banana pudding",Reviewed
SEA008-AI-010,SEA008,Apple Lime Matcha Refresher,Matcha Soda,Apple Lime,,True,16 oz,9.0,9.0,,Ceremonial; Kanayamidori; Yabukita,Official Website,https://www.minasmatcha.com/s/Minas_Matcha_Menu.pdf,2026-08-29,False,"Apple Lime Matcha Refresher - $9.00
matcha, sparkling apple juice, lime",Reviewed
SEA009-AI-001,SEA009,Matcha Latte,Matcha Latte,Original,,True,12 oz,7.5,7.5,Oat,"Ceremonial; Saemidori; Okumidori; Nishio, Aichi",Official PDF,https://drive.google.com/file/d/1dTl33UzNkJu1AkJvIg0savaLMOimN9wB/view?usp=sharing,2026-08-29,False,Matcha Latte - $7.50,Reviewed
SEA009-AI-002,SEA009,Jasmine Matcha Latte,Matcha Latte,Jasmine,,True,12 oz,8.0,8.0,Oat; 2%,"Ceremonial; Saemidori; Okumidori; Nishio, Aichi",Official PDF,https://drive.google.com/file/d/1dTl33UzNkJu1AkJvIg0savaLMOimN9wB/view?usp=sharing,2026-08-29,False,Jasmine Matcha Latte - $8.00,Reviewed
SEA009-AI-003,SEA009,Strawberry Matcha,Matcha Latte,Strawberry,,True,12 oz,8.5,8.5,Oat,"Ceremonial; Saemidori; Okumidori; Nishio, Aichi",Official PDF,https://drive.google.com/file/d/1dTl33UzNkJu1AkJvIg0savaLMOimN9wB/view?usp=sharing,2026-08-29,False,Strawberry Matcha - $8.50,Reviewed
SEA009-AI-004,SEA009,Matcha Cheese Top,Matcha Latte,Original,,True,12 oz,8.5,8.5,Oat,"Ceremonial; Saemidori; Okumidori; Nishio, Aichi",Official PDF,https://drive.google.com/file/d/1dTl33UzNkJu1AkJvIg0savaLMOimN9wB/view?usp=sharing,2026-08-29,False,"Our rich matcha latte paired with a sweet, cream cheese base cream top.",Reviewed
SEA009-AI-005,SEA009,Banana Bread Matcha,Matcha Latte,Banana Bread,,True,12 oz,8.5,8.5,Oat,"Ceremonial; Saemidori; Okumidori; Nishio, Aichi",Official PDF,https://drive.google.com/file/d/1dTl33UzNkJu1AkJvIg0savaLMOimN9wB/view?usp=sharing,2026-08-29,False,Banana Bread Matcha - $8.50,Reviewed
SEA009-AI-006,SEA009,Strawberry Jasmine Matcha,Matcha Latte,Strawberry; Jasmine,,True,12 oz,8.5,8.5,Oat,"Ceremonial; Saemidori; Okumidori; Nishio, Aichi",Official PDF,https://drive.google.com/file/d/1dTl33UzNkJu1AkJvIg0savaLMOimN9wB/view?usp=sharing,2026-08-29,False,Strawberry Jasmine Matcha - $8.50,Reviewed
SEA010-AI-001,SEA010,Matcha Latte,Matcha Latte,Original,True,True,,6.5,,,,Official Order App,https://order.toasttab.com/online/nanasgreentea,2026-08-29,True,"Matcha with milk, hot/cold. - $6.50+",Reviewed
SEA010-AI-002,SEA010,Matcha Red Bean Latte w/ Mochi,Matcha Latte,Red Bean,True,True,,8.5,,,,Official Order App,https://order.toasttab.com/online/nanasgreentea,2026-08-29,True,"Whipped cream, mochi and red bean paste, hot/cold. - $8.50+",Reviewed
SEA010-AI-003,SEA010,Matcha Cream Latte,Matcha Latte,Original,True,True,,7.0,,,,Official Order App,https://order.toasttab.com/online/nanasgreentea,2026-08-29,True,"Whipped cream, hot/cold. - $7.00+",Reviewed
SEA010-AI-004,SEA010,Matcha Float w/ Mochi,Matcha Latte,Original,False,True,,8.5,,,,Official Order App,https://order.toasttab.com/online/nanasgreentea,2026-08-29,True,Only served cold. - $8.50+,Reviewed
SEA010-AI-005,SEA010,Matcha Brown Sugar Latte,Matcha Latte,Brown Sugar,True,True,,7.25,,,,Official Order App,https://order.toasttab.com/online/nanasgreentea,2026-08-29,True,"brown sugar syrup, hot/cold. - $7.25+",Reviewed
SEA010-AI-006,SEA010,Matcha Chocolate Latte,Matcha Latte,Chocolate,True,True,,7.25,,,,Official Order App,https://order.toasttab.com/online/nanasgreentea,2026-08-29,True,"chocolate sauce, hot/cold. - $7.25+",Reviewed
SEA010-AI-007,SEA010,Matcha Soft Serve Latte,Matcha Latte,Vanilla,False,True,,7.25,,,,Official Order App,https://order.toasttab.com/online/nanasgreentea,2026-08-29,True,"Vanilla soft serve, only served cold. - $7.25+",Reviewed
SEA010-AI-008,SEA010,Matcha Latte Vanilla SS w/ Chocolate Crunch,Matcha Latte,Vanilla; Chocolate,False,True,,7.75,,,,Official Order App,https://order.toasttab.com/online/nanasgreentea,2026-08-29,True,"Vanilla soft serve, chocolate crunch, only served cold. - $7.75+",Reviewed
SEA010-AI-009,SEA010,Matcha Frappe w/ Mochi,Matcha Smoothie,Original,,True,,8.75,8.75,,,Official Order App,https://order.toasttab.com/online/nanasgreentea,2026-08-29,False,Matcha powder blended with ice and sweet milk - $8.75,Reviewed
SEA010-AI-010,SEA010,Black Sesame Frappe w/Mochi,Matcha Smoothie,Black Sesame,,True,,9.25,9.25,,,Official Order App,https://order.toasttab.com/online/nanasgreentea,2026-08-29,False,Matcha powder blended with ice and sweet milk topped with creamy black sesame ice cream - $9.25,Reviewed
SEA010-AI-011,SEA010,Matcha Brown Sugar Frappe,Matcha Smoothie,Brown Sugar,,True,,6.99,6.99,,,Official Order App,https://order.toasttab.com/online/nanasgreentea,2026-08-29,False,brown sugar syrup. - $6.99,Reviewed
SEA010-AI-012,SEA010,Matcha Soft Serve Frappe,Matcha Smoothie,Vanilla,,True,,7.5,7.5,,,Official Order App,https://order.toasttab.com/online/nanasgreentea,2026-08-29,False,topped with vanilla soft serve. - $7.50,Reviewed
SEA010-AI-013,SEA010,Matcha Chocolate Crunch Frappe,Matcha Smoothie,Chocolate,,True,,7.5,7.5,,,Official Order App,https://order.toasttab.com/online/nanasgreentea,2026-08-29,False,"chocolate sauce, and chocolate crunch. - $7.50",Reviewed
SEA010-AI-014,SEA010,Matcha Warabimochi Frappe,Matcha Smoothie,Original,,True,,7.5,7.5,,,Official Order App,https://order.toasttab.com/online/nanasgreentea,2026-08-29,False,"warabimochi, brown sugar syrup. - $7.50",Reviewed
SEA010-AI-015,SEA010,Matcha Jelly Milkshake,Matcha Smoothie,Original,,True,,9.75,9.75,,,Official Order App,https://order.toasttab.com/online/nanasgreentea,2026-08-29,False,chocolate sauce and a Biscoff cookie. - $9.75,Reviewed
SEA010-AI-016,SEA010,Matcha Soda,Matcha Soda,Original,False,True,Medium,5.99,5.99,,,Official Order App,https://order.toasttab.com/online/nanasgreentea,2026-08-29,False,Cold and medium size only. - $5.99,Reviewed
SEA010-AI-017,SEA010,Matcha Soft Serve Soda,Matcha Soda,Vanilla,False,True,Medium,6.99,6.99,,,Official Order App,https://order.toasttab.com/online/nanasgreentea,2026-08-29,False,topped with vanilla soft serve. Cold and medium size only. - $6.99,Reviewed
SEA010-AI-018,SEA010,Matcha Americano,Matcha,Original,,True,,4.99,,,,Official Order App,https://order.toasttab.com/online/nanasgreentea,2026-08-29,True,"Matcha espresso, water. - $4.99+",Reviewed
SEA010-AI-019,SEA010,Matcha Top Grade Espresso Shot,Matcha,Original,True,,,5.0,5.0,,Top Grade; Ceremonial,Official Order App,https://order.toasttab.com/online/nanasgreentea,2026-08-29,False,2 ounces of top grade ceremonial matcha powder whisked into hot water. - $5.00,Reviewed
SEA010-AI-020,SEA010,Matcha Mochi Parfait,Matcha Dessert,Original,,,,12.5,12.5,,,Official Order App,https://order.toasttab.com/online/nanasgreentea,2026-08-29,False,"matcha ice cream, vanilla soft serve ice cream, corn flakes, red bean paste, mochi - $12.50",Reviewed
SEA010-AI-021,SEA010,Matcha Warabimochi Parfait,Matcha Dessert,Original,,,,12.5,12.5,,,Official Order App,https://order.toasttab.com/online/nanasgreentea,2026-08-29,False,"matcha ice cream, vanilla soft serve, corn flakes, red bean paste, warabimochi - $12.50",Reviewed
SEA010-AI-022,SEA010,25th Year Matcha Anniversary Parfait,Matcha Dessert,Original,,,,15.5,15.5,,,Official Order App,https://order.toasttab.com/online/nanasgreentea,2026-08-29,False,"Matcha jelly, chocolate sauce, matcha ice cream, matcha whipped cream - $15.50",Reviewed
SEA010-AI-023,SEA010,Matcha Ice Cream - Pint,Matcha Dessert,Original,,,Pint,12.75,12.75,,,Official Order App,https://order.toasttab.com/online/nanasgreentea,2026-08-29,False,1 pint of matcha ice cream. - $12.75,Reviewed
SEA010-AI-024,SEA010,Matcha Roll Cake,Matcha Dessert,Original,,,,7.5,7.5,,,Official Order App,https://order.toasttab.com/online/nanasgreentea,2026-08-29,False,Matcha sponge cake filled with whipped cream and concentrated matcha cream. - $7.50,Reviewed
SEA010-AI-025,SEA010,Matcha Red Bean Roll Cake,Matcha Dessert,Red Bean,,,,7.5,7.5,,,Official Order App,https://order.toasttab.com/online/nanasgreentea,2026-08-29,False,Matcha sponge cake filled with red bean whipped cream. - $7.50,Reviewed
SEA010-AI-026,SEA010,Matcha Chocolate Cake,Matcha Dessert,Chocolate,,,,7.5,7.5,,,Official Order App,https://order.toasttab.com/online/nanasgreentea,2026-08-29,False,Rich matcha white chocolate cake. - $7.50,Reviewed
SEA010-AI-027,SEA010,Matcha Burnt Basque Cheesecake,Matcha Dessert,Original,,,,8.25,8.25,,,Official Order App,https://order.toasttab.com/online/nanasgreentea,2026-08-29,False,Light and creamy matcha cheesecake with a toasted outer layer. - $8.25,Reviewed
SEA010-AI-028,SEA010,Matcha Cream Puff,Matcha Dessert,Original,,,,7.25,7.25,,,Official Order App,https://order.toasttab.com/online/nanasgreentea,2026-08-29,False,Cream puff with matcha custard cream. - $7.25,Reviewed
SEA010-AI-029,SEA010,Matcha Tiramisu,Matcha Dessert,Original,,,,8.5,8.5,,,Official Order App,https://order.toasttab.com/online/nanasgreentea,2026-08-29,False,"Layers of matcha sponge cake and mascarpone cream, topped with matcha white chocolate shavings. - $8.50",Reviewed
SEA010-AI-030,SEA010,Matcha Cream Cheese Pound Cake,Matcha Dessert,Original,,,,5.0,5.0,,,Official Order App,https://order.toasttab.com/online/nanasgreentea,2026-08-29,False,Marbled matcha and cream cheese pound cake slice. - $5.00,Reviewed
SEA010-AI-031,SEA010,Matcha Muffin w/ Red Bean,Matcha Dessert,Red Bean,,,,5.0,5.0,,,Official Order App,https://order.toasttab.com/online/nanasgreentea,2026-08-29,False,"Matcha muffin, red bean center, cookie crumble top. - $5.00",Reviewed
SEA012-AI-001,SEA012,Matcha,Matcha,Original,,True,,5.88,6.29,Oat; Almond; Coconut,,Official Website,https://yoka-tea.vercel.app/menu,2026-08-29,False,Matcha 5.88 / 6.29,Reviewed
SEA012-AI-002,SEA012,Matcha Matcha,Matcha Smoothie,Original,,True,,6.39,6.79,Oat; Almond; Coconut,Japan,Official Website,https://yoka-tea.vercel.app/menu,2026-08-29,False,Matcha Matcha 6.39 / 6.79,Reviewed
SEA012-AI-003,SEA012,Strawby Matcha,Matcha,Strawby,,True,,6.49,6.88,Oat; Almond; Coconut,,Official Website,https://yoka-tea.vercel.app/menu,2026-08-29,False,Strawby Matcha 6.49 / 6.88,Reviewed
SEA012-AI-004,SEA012,Matcha Einspanner,Matcha,Original,,True,,6.29,6.79,Oat; Almond; Coconut,,Official Website,https://yoka-tea.vercel.app/menu,2026-08-29,False,Matcha Einspanner 6.29 / 6.79,Reviewed
SEA013-AI-001,SEA013,Matcha Latte,Matcha Latte,Original,True,True,,7.25,7.25,,,Official Order App,https://toast.app/r/junbi-seattle/order,2026-08-29,False,Cold Matcha Latte — Fresh dairy & a double matcha shot — $7.25,Reviewed
SEA013-AI-002,SEA013,Dirty Matcha Latte,Matcha Latte,Espresso,True,True,,8.25,8.25,,,Official Order App,https://toast.app/r/junbi-seattle/order,2026-08-29,False,"Cold Dirty Matcha Latte — Fresh dairy, double espresso shot, & a double matcha shot — $8.25",Reviewed
SEA013-AI-003,SEA013,Guava Matcha Latte,Matcha Latte,Guava,True,True,,7.75,7.75,,,Official Order App,https://toast.app/r/junbi-seattle/order,2026-08-29,False,"Cold Guava Matcha Latte — Fresh dairy, all-natural house-made guava puree, & a double shot of matcha — $7.75",Reviewed
SEA013-AI-004,SEA013,Madagascar Vanilla Matcha Latte,Matcha Latte,Madagascar Vanilla,True,True,,7.5,7.5,,,Official Order App,https://toast.app/r/junbi-seattle/order,2026-08-29,False,"Cold Madagascar Vanilla Matcha Latte — Fresh dairy, Madagascar vanilla, & a double matcha shot — $7.50",Reviewed
SEA013-AI-005,SEA013,Mango Matcha Latte,Matcha Latte,Mango,True,True,,7.5,7.5,,,Official Order App,https://toast.app/r/junbi-seattle/order,2026-08-29,False,"Cold Mango Matcha Latte — Fresh dairy, real mango puree, & a double shot of matcha — $7.50",Reviewed
SEA013-AI-006,SEA013,Strawberry Matcha Latte,Matcha Latte,Strawberry,True,True,,7.5,7.5,,,Official Order App,https://toast.app/r/junbi-seattle/order,2026-08-29,False,"Cold Strawberry Matcha Latte — Fresh dairy, real strawberries, & a double matcha shot — $7.50",Reviewed
SEA013-AI-007,SEA013,Ganbaru Ceremonial Matcha,Matcha,Original,True,True,,7.0,7.0,,Ceremonial,Official Order App,https://toast.app/r/junbi-seattle/order,2026-08-29,False,Cold Ganbaru Ceremonial Matcha Cold Brew — first harvest shade-grown matcha — $7.00,Reviewed
SEA013-AI-008,SEA013,Chosen Ceremonial Matcha,Matcha,Original,True,True,,7.25,7.25,,Ceremonial,Official Order App,https://toast.app/r/junbi-seattle/order,2026-08-29,False,Cold Chosen Ceremonial Matcha Cold Brew — first harvest shade-grown matcha — $7.25,Reviewed
SEA013-AI-009,SEA013,Dirty Matcha,Matcha,Espresso,True,True,,7.75,7.75,,,Official Order App,https://toast.app/r/junbi-seattle/order,2026-08-29,False,Cold Dirty Matcha Cold Brew — matcha with milk and double espresso — $7.75,Reviewed
SEA013-AI-010,SEA013,Guava Matcha,Matcha,Guava,True,True,,7.5,7.5,,,Official Order App,https://toast.app/r/junbi-seattle/order,2026-08-29,False,Cold Guava Matcha Cold Brew — premium matcha and house-made guava puree — $7.50,Reviewed
SEA013-AI-011,SEA013,Mango Matcha,Matcha,Mango,True,True,,7.25,7.25,,Premium,Official Order App,https://toast.app/r/junbi-seattle/order,2026-08-29,False,Cold Mango Matcha Cold Brew — signature premium matcha and real mangoes — $7.25,Reviewed
SEA013-AI-012,SEA013,Madagascar Vanilla Matcha,Matcha,Madagascar Vanilla,True,True,,7.25,7.25,,Premium,Official Order App,https://toast.app/r/junbi-seattle/order,2026-08-29,False,"Cold Madagascar Vanilla Matcha Cold Brew — premium matcha, Madagascar vanilla, and fresh dairy — $7.25",Reviewed
SEA013-AI-013,SEA013,Strawberry Matcha,Matcha,Strawberry,True,True,,7.25,7.25,,Premium,Official Order App,https://toast.app/r/junbi-seattle/order,2026-08-29,False,Cold Strawberry Matcha Cold Brew — premium matcha and real strawberries — $7.25,Reviewed
SEA013-AI-014,SEA013,Yuzu Dragon Fruit Matcha,Matcha,Yuzu; Dragon Fruit,True,True,,7.5,7.5,,Premium,Official Order App,https://toast.app/r/junbi-seattle/order,2026-08-29,False,"Cold Yuzu Dragon Fruit Matcha Cold Brew — premium matcha, yuzu juice, and real dragon fruit — $7.50",Reviewed
SEA013-AI-015,SEA013,Dirty Matcha Blended,Matcha Smoothie,Espresso,,True,,9.0,9.0,,Premium,Official Order App,https://toast.app/r/junbi-seattle/order,2026-08-29,False,Dirty Matcha Blended — premium matcha blended with vanilla cream and double espresso — $9.00,Reviewed
SEA013-AI-016,SEA013,Matcha Blended,Matcha Smoothie,Original,,True,,8.0,8.0,,Premium grade,Official Order App,https://toast.app/r/junbi-seattle/order,2026-08-29,False,Matcha Blended — premium grade matcha blended with vanilla cream — $8.00,Reviewed
SEA013-AI-017,SEA013,Strawberry Matcha Blended,Matcha Smoothie,Strawberry,,True,,8.25,8.25,,Premium grade,Official Order App,https://toast.app/r/junbi-seattle/order,2026-08-29,False,"Strawberry Matcha Blended — premium grade matcha, strawberry puree, vanilla cream — $8.25",Reviewed
SEA013-AI-018,SEA013,Matcha Soft Serve,Matcha Dessert,Original,,,,6.5,6.5,,,Official Order App,https://toast.app/r/junbi-seattle/order,2026-08-29,False,Matcha Soft Serve — made with fresh milk — $6.50,Reviewed
SEA013-AI-019,SEA013,Matcha Vanilla Swirl,Matcha Dessert,Vanilla,,,,6.5,6.5,,,Official Order App,https://toast.app/r/junbi-seattle/order,2026-08-29,False,Matcha Vanilla Swirl — made with fresh milk — $6.50,Reviewed
SEA013-AI-020,SEA013,Espresso Affogato,Matcha Dessert,Espresso,,,,6.75,6.75,,Premium,Official Order App,https://toast.app/r/junbi-seattle/order,2026-08-29,False,"Espresso Affogato — vanilla soft serve, signature premium matcha, espresso shot — $6.75",Reviewed
SEA013-AI-021,SEA013,Matcha Affogato,Matcha Dessert,Original,,,,6.75,6.75,,Premium,Official Order App,https://toast.app/r/junbi-seattle/order,2026-08-29,False,"Matcha Affogato — vanilla soft serve, signature premium matcha, matcha shot — $6.75",Reviewed
SEA013-AI-022,SEA013,Chocolate Hazelnut Matcha Latte,Matcha Latte,Chocolate; Hazelnut,,True,,8.95,8.95,,,Official Order App,https://toast.app/r/junbi-seattle/order,2026-08-29,False,"Chocolate Hazelnut Matcha Latte — fresh dairy, chocolate hazelnut puree, double shot of matcha — $8.95",Reviewed
SEA013-AI-023,SEA013,Chocolate Hazelnut Matcha Blended,Matcha Smoothie,Chocolate; Hazelnut,,True,,8.95,8.95,,Premium grade,Official Order App,https://toast.app/r/junbi-seattle/order,2026-08-29,False,"Chocolate Hazelnut Matcha Blended — premium grade matcha, chocolate hazelnut puree, vanilla cream — $8.95",Reviewed
SEA015-AI-001,SEA015,Premium Matcha Brulee,Matcha Dessert,,,,,7.0,7.0,,Premium,Official Website,https://www.tamaribarseattle.com/food-1,2026-08-29,False,Premium Matcha Brulee — matcha creme brulee made with premium Sugimoto Tea Company matcha — $7,Reviewed
SEA015-AI-002,SEA015,Baiten Soft Serve - Matcha,Matcha Dessert,,,,,7.0,7.0,,,Official Website,https://www.tamaribarseattle.com/food-1,2026-08-29,False,Baiten Soft Serve - Matcha — vanilla soft serve with Matcha syrup option — $7,Reviewed
SEA015-AI-003,SEA015,Frozen Cookie Sandwich - Matcha,Matcha Dessert,,,,,7.0,7.0,,,Official Website,https://www.tamaribarseattle.com/food-1,2026-08-29,False,Frozen Cookie Sandwich - Matcha — Matcha tea cookie option; subject to availability — $7,Reviewed
SEA015-AI-004,SEA015,Hot Matcha Tea,Matcha,Original,True,,,3.0,3.0,,,Official Website,https://www.tamaribarseattle.com/food-1,2026-08-29,False,Hot Matcha Tea — Matcha tea option — $3,Reviewed
SEA017-AI-001,SEA017,Vanilla Matcha,Matcha Latte,Vanilla,False,True,,7.0,7.0,Oat; Almond; Soy,Sugimoto,Official Order App,https://www.toasttab.com/local/order/elixir-cafe-4524-university-way-ne/item-cardamom-rose-matcha_51c5b3ca-5b51-484e-bc8d-7e62a4d6692c,2026-08-29,False,Vanilla Matcha — house-made vanilla syrup with Sugimoto Matcha — $7.00,Reviewed
SEA017-AI-002,SEA017,Strawberry Matcha,Matcha Latte,Strawberry,False,True,,8.0,8.0,Oat; Almond; Soy,Sugimoto,Official Order App,https://www.toasttab.com/local/order/elixir-cafe-4524-university-way-ne/item-cardamom-rose-matcha_51c5b3ca-5b51-484e-bc8d-7e62a4d6692c,2026-08-29,False,"Strawberry Matcha — local strawberries, house-made simple syrup, Sugimoto Matcha — $8.00",Reviewed
SEA017-AI-003,SEA017,Cardamom Rose Matcha,Matcha Latte,Cardamom; Rose,False,True,,7.0,7.0,Oat; Almond; Soy,Sugimoto,Official Order App,https://www.toasttab.com/local/order/elixir-cafe-4524-university-way-ne/item-cardamom-rose-matcha_51c5b3ca-5b51-484e-bc8d-7e62a4d6692c,2026-08-29,False,Cardamom Rose Matcha — house-made cardamom and rose syrup with Sugimoto Matcha — $7.00,Reviewed
SEA017-AI-004,SEA017,Mad Tea Party,Matcha Dessert,,,,,12.0,12.0,,,Official Order App,https://www.toasttab.com/local/order/elixir-cafe-4524-university-way-ne/item-cardamom-rose-matcha_51c5b3ca-5b51-484e-bc8d-7e62a4d6692c,2026-08-29,False,"Mad Tea Party — matcha cake, London Fog ice cream, lavender shortbread crumbles, cucumber dill gel, raspberry yuzu sauce — $12.00",Reviewed
SEA017-AI-005,SEA017,Matcha Strawberry Parfait,Matcha Dessert,Strawberry,,,,11.5,11.5,,,Official Order App,https://www.toasttab.com/local/order/elixir-cafe-4524-university-way-ne/item-cardamom-rose-matcha_51c5b3ca-5b51-484e-bc8d-7e62a4d6692c,2026-08-29,False,"Matcha Strawberry Parfait — matcha ice cream, strawberry compote, lavender shortbread crumble, whipped cream — $11.50",Reviewed
SEA019-AI-001,SEA019,All Nighter,Matcha Latte,Espresso,,True,,6.5,6.5,Soy; Almond; Unsweetened Almond; Oat; Coconut,,Official Website,https://mirotea.com/pages/cafe,2026-08-29,False,sweetened matcha and double espresso layered with milk — $6.50,Reviewed
SEA019-AI-002,SEA019,Matcha Soda,Matcha Soda,Yuzu,,True,,6.0,6.0,,,Official Website,https://mirotea.com/pages/cafe,2026-08-29,False,sweetened matcha with yuzu juice and sparkling water — $6.00,Reviewed
SEA019-AI-003,SEA019,Matcha Latte,Matcha Latte,Original,True,True,,6.25,6.25,Soy; Almond; Unsweetened Almond; Oat; Coconut,Japanese,Official Website,https://mirotea.com/pages/cafe,2026-08-29,False,Japanese matcha with steamed milk — $6.25,Reviewed
SEA019-AI-004,SEA019,Ginger Matcha,Matcha Latte,Ginger,True,True,,6.5,6.5,Soy; Almond; Unsweetened Almond; Oat; Coconut,Ceremonial,Official Website,https://mirotea.com/pages/cafe,2026-08-29,False,"organic ginger and ceremonial matcha, steamed milk; also available whisked without steamed milk — $6.50",Reviewed
SEA019-AI-005,SEA019,Organic Matcha,Matcha,Original,,True,,5.5,5.5,,Organic; Shizuoka,Official Website,https://mirotea.com/pages/cafe,2026-08-29,False,"Organic Matcha — origin Shizuoka, Japan — $5.50",Reviewed
SEA019-AI-006,SEA019,Ceremonial Homare,Matcha,Original,,True,,6.0,6.0,,Ceremonial; Homare; Uji,Official Website,https://mirotea.com/pages/cafe,2026-08-29,False,"Ceremonial Homare — origin Uji, Japan — $6.00",Reviewed
SEA019-AI-007,SEA019,Ceremonial Yamabuki,Matcha,Original,,True,,6.0,6.0,,Ceremonial; Yamabuki; Uji,Official Website,https://mirotea.com/pages/cafe,2026-08-29,False,"Ceremonial Yamabuki — origin Uji, Japan — $6.00",Reviewed
SEA020-AI-001,SEA020,Tra Matcha Dua,Matcha,Pandan,False,True,,8.25,8.25,,Ceremonial,Official Website,https://www.helloem.coffee/,2026-08-29,False,"Tra Matcha Dua — whipped ceremonial matcha, cream, pandan with coconut water — cold only — $8.25",Reviewed
SEA020-AI-002,SEA020,Tra Matcha Latte,Matcha Latte,Original,True,True,12 oz,7.5,7.5,your choice of milk,Ceremonial,Official Website,https://www.helloem.coffee/,2026-08-29,False,Tra Matcha Latte — ceremonial matcha with your choice of milk — 12 oz hot or cold — $7.50,Reviewed
SEA021-AI-001,SEA021,Kyoto Uji Matcha Latte,Matcha Latte,Original,,True,709 ml,6.5,6.5,Non-dairy milk,Uji,Owner-posted Menu,https://www.ohbearcafe.com/,2026-08-29,False,Kyoto Uji Matcha Latte — new — large 709 ml — $6.50,Reviewed
SEA021-AI-002,SEA021,Matcha Red Bean Crepe,Matcha Dessert,Red bean,,,,10.5,10.5,,,Owner-posted Menu,https://www.ohbearcafe.com/,2026-08-29,False,"Matcha Red Bean Crepe — matcha custard, whipped cream, red bean, corn flakes, almonds, strawberry, matcha ice cream, chocolate pocky sticks — $10.50",Reviewed
SEA022-AI-001,SEA022,Matcha Americano,Matcha,Original,,True,,3.5,3.5,,Ceremonial; Shizuoka,Current Menu Listing,https://www.atulea.com/,2026-08-29,False,organic ceremonial-grade matcha and water; iced and no sugar by default — $3.50,Reviewed
SEA022-AI-002,SEA022,Matcha Latte,Matcha Latte,Original,,True,,4.5,4.5,,Ceremonial; Shizuoka,Current Menu Listing,https://www.atulea.com/,2026-08-29,False,organic ceremonial-grade matcha and milk; iced and no sugar by default — $4.50,Reviewed
SEA022-AI-003,SEA022,Matcha White Mocha,Matcha Latte,White Chocolate,,True,,4.75,4.75,,Ceremonial; Shizuoka,Current Menu Listing,https://www.atulea.com/,2026-08-29,False,"organic ceremonial-grade matcha, milk, white chocolate; iced by default — $4.75",Reviewed
SEA022-AI-004,SEA022,Turmeric Matcha Latte,Matcha Latte,Turmeric,,True,,4.75,4.75,,Ceremonial; Shizuoka,Current Menu Listing,https://www.atulea.com/,2026-08-29,False,"organic ceremonial-grade matcha, milk, turmeric; iced and no sugar by default — $4.75",Reviewed
SEA022-AI-005,SEA022,Matcha Mocha,Matcha Latte,Dark Chocolate,,True,,4.75,4.75,,,Current Menu Listing,https://www.atulea.com/,2026-08-29,False,"matcha, milk, dark chocolate — $4.75",Reviewed
SEA022-AI-006,SEA022,Pineapple Matcha Latte,Matcha Latte,Pineapple,False,True,,5.5,5.5,,Ceremonial; Shizuoka,Current Menu Listing,https://www.atulea.com/,2026-08-29,False,"organic ceremonial-grade matcha, milk, pineapple puree; iced only — $5.50",Reviewed
SEA022-AI-007,SEA022,Dirty Matcha,Matcha Latte,Espresso,,True,,5.25,5.25,,Ceremonial; Shizuoka,Current Menu Listing,https://www.atulea.com/,2026-08-29,False,"espresso, organic ceremonial-grade matcha, milk; iced and no sugar by default — $5.25",Reviewed
SEA022-AI-008,SEA022,Butterfly Matcha,Matcha Latte,Butterfly Pea,False,True,,5.25,5.25,,,Current Menu Listing,https://www.atulea.com/,2026-08-29,False,"matcha, milk, minty butterfly pea flower tea; iced only — $5.25",Reviewed
SEA022-AI-009,SEA022,Ube Matcha,Matcha Latte,Ube,,True,,5.5,5.5,,,Current Menu Listing,https://www.atulea.com/,2026-08-29,False,"matcha, milk, house-made ube halaya — $5.50",Reviewed
SEA022-AI-010,SEA022,Matcha Rose Lemonade,Matcha Soda,Rose Lemonade,False,True,,5.5,5.5,,,Current Menu Listing,https://www.atulea.com/,2026-08-29,False,matcha with sparkling rose lemonade; iced only — $5.50,Reviewed
SEA023-AI-001,SEA023,Matcha Latte,Matcha Latte,Original,,True,,6.5,6.5,,Ceremonial; Japan,Owner-posted Menu,https://cochevalleydessertcafecap.square.site/,2026-08-29,False,Matcha Latte — ceremonial matcha from Japan — $6.50,Reviewed
SEA023-AI-002,SEA023,Strawberry Matcha Latte,Matcha Latte,Strawberry,,True,,6.95,6.95,,Ceremonial,Owner-posted Menu,https://cochevalleydessertcafecap.square.site/,2026-08-29,False,Strawberry Matcha Latte — ceremonial matcha with strawberry puree — $6.95,Reviewed
SEA024-AI-001,SEA024,Matcha Paradise,Matcha,,,True,,,,,,Official Website,https://yuuteacafe.net/products/matcha-series,2026-08-29,False,M1 Matcha Paradise,Reviewed
SEA024-AI-002,SEA024,Golden Matcha,Matcha,,,True,,,,,,Official Website,https://yuuteacafe.net/products/matcha-series,2026-08-29,False,M2 Golden Matcha,Reviewed
SEA024-AI-003,SEA024,Matcha Forest,Matcha,,,True,,,,,,Official Website,https://yuuteacafe.net/products/matcha-series,2026-08-29,False,M3 Matcha Forest,Reviewed
SEA024-AI-004,SEA024,Matchamisu,Matcha,,,True,,,,,,Official Website,https://yuuteacafe.net/products/matcha-series,2026-08-29,False,M4 Matchamisu,Reviewed
SEA024-AI-005,SEA024,King Matcha,Matcha,,,True,,,,,,Official Website,https://yuuteacafe.net/products/matcha-series,2026-08-29,False,M5 King Matcha,Reviewed
SEA025-AI-001,SEA025,Matcha Latte,Matcha Latte,Original,,True,,6.75,6.75,,,Current Menu Listing,https://aroomers.com/,2026-08-29,False,"Matcha Latte — homemade matcha sauce, milk — $6.75",Reviewed
SEA025-AI-002,SEA025,Gloomy Matcha,Matcha Latte,Sesame,,True,,7.5,7.5,,,Current Menu Listing,https://aroomers.com/,2026-08-29,False,"Gloomy Matcha — homemade matcha sauce, milk, sesame cream — $7.50",Reviewed
SEA025-AI-003,SEA025,Banana Matcha,Matcha Latte,Banana,,True,,7.5,7.5,,,Current Menu Listing,https://aroomers.com/,2026-08-29,False,"Banana Matcha — homemade matcha sauce, milk, banana cream — $7.50",Reviewed
SEA025-AI-004,SEA025,Pandan Matcha,Matcha Latte,Pandan,,True,,7.5,7.5,,,Current Menu Listing,https://aroomers.com/,2026-08-29,False,"Pandan Matcha — homemade matcha sauce, milk, pandan cream — $7.50",Reviewed
SEA026-AI-001,SEA026,Jelly Matcha + Milk,Matcha Latte,Original,,True,12 oz,7.35,7.35,,Japan,Official Website,https://www.kotocoffee.com/menu,2026-08-29,False,Jelly Matcha + Milk — classic jelly matcha with choice of milk — 12 oz — $7.35,Reviewed
SEA026-AI-002,SEA026,Jelly Matcha + Matcha Latte,Matcha Latte,Original,,True,12 oz,8.95,8.95,,Japan,Official Website,https://www.kotocoffee.com/menu,2026-08-29,False,"Jelly Matcha + Matcha Latte — jelly matcha, choice of milk, matcha syrup — 12 oz — $8.95",Reviewed
SEA026-AI-003,SEA026,Jelly Milk + Matcha Syrup,Matcha,Original,,True,12 oz,8.55,8.55,Whole,Japan,Official Website,https://www.kotocoffee.com/menu,2026-08-29,False,Jelly Milk + Matcha Syrup — jelly milk with matcha syrup — 12 oz — $8.55,Reviewed
SEA026-AI-004,SEA026,Matcha Latte,Matcha Latte,Original,,True,,6.5,6.5,,,Official Website,https://www.kotocoffee.com/menu,2026-08-29,False,Matcha Latte — $6.50,Reviewed
SEA026-AI-005,SEA026,Matcha Cookie,Matcha Dessert,,,,,3.95,3.95,,,Official Website,https://www.kotocoffee.com/menu,2026-08-29,False,Matcha Cookie — $3.95,Reviewed
SEA027-AI-001,SEA027,Jeju Matcha Cream Coffee,Matcha Latte,Coffee,,True,hot 16 oz; hot 20 oz; iced 16 oz; iced 24 oz; iced 32 oz,7.49,7.49,Oat; Soy,,Official Order App,https://toast.app/r/cu-urban-market-cafe-1117-1st-avenue/order,2026-08-29,False,"Jeju Matcha Cream Coffee — matcha latte with espresso, topped with signature matcha cream — $7.49",Reviewed
SEA027-AI-002,SEA027,Jeju Korean Matcha Latte,Matcha Latte,Original,,True,,5.59,5.59,Oat; Soy,Korean; Jeju,Official Order App,https://toast.app/r/cu-urban-market-cafe-1117-1st-avenue/order,2026-08-29,False,premium authentic Korean matcha from Jeju Island — $5.59,Reviewed
SEA027-AI-003,SEA027,Strawberry Matcha Latte,Matcha Latte,Strawberry,,True,,6.49,6.49,Oat; Soy,,Official Order App,https://toast.app/r/cu-urban-market-cafe-1117-1st-avenue/order,2026-08-29,False,Strawberry Matcha Latte — $6.49,Reviewed
SEA027-AI-004,SEA027,Banana Matcha Latte,Matcha Latte,Banana,,True,,6.49,6.49,Oat; Soy,,Official Order App,https://toast.app/r/cu-urban-market-cafe-1117-1st-avenue/order,2026-08-29,False,Banana Matcha Latte — $6.49,Reviewed
SEA027-AI-005,SEA027,Mango Matcha Latte,Matcha Latte,Mango,,True,,6.99,6.99,Oat; Soy,,Official Order App,https://toast.app/r/cu-urban-market-cafe-1117-1st-avenue/order,2026-08-29,False,Mango Matcha Latte — $6.99 — currently out of stock,Reviewed
SEA027-AI-006,SEA027,Japanese Ceremonial Matcha Latte (Unsweetened),Matcha Latte,Original,,True,,6.49,6.49,Oat; Soy,Japanese; Ceremonial,Official Order App,https://toast.app/r/cu-urban-market-cafe-1117-1st-avenue/order,2026-08-29,False,Japanese Ceremonial Matcha Latte (Unsweetened) — $6.49,Reviewed
SEA027-AI-007,SEA027,Coconut Matcha Cloud,Matcha Latte,Coconut,,True,,6.49,6.49,Oat; Soy,,Official Order App,https://toast.app/r/cu-urban-market-cafe-1117-1st-avenue/order,2026-08-29,False,Coconut Matcha Cloud — $6.49 — currently out of stock,Reviewed
SEA027-AI-008,SEA027,Matcha Green Tea Macaron,Matcha Dessert,Original,,,,,,,Ceremonial; Sugimoto,Official Order App,https://toast.app/r/cu-urban-market-cafe-1117-1st-avenue/order,2026-08-29,False,Matcha Green Tea Macaron — ceremonial-grade Sugimoto matcha — price not published on the menu page,Reviewed
SEA028-AI-001,SEA028,Earl Grey Matcha Latte,Matcha Latte,Earl Grey,,True,,8.0,8.0,,Ceremonial,Official Site + Current Observation,https://www.howdyyallcoffee.com/,2026-08-29,False,Earl Grey Matcha Latte — $8.00 — alternative milk available at no extra charge,Reviewed
