item_id,shop_id,drink_name,drink_category,flavor,available_hot,available_iced,size,min_price,max_price,milk_options,matcha_type_claim,menu_source,menu_url,date_collected,price_is_starting,extraction_evidence,review_status,analytics_price,has_price,has_flavor,is_flavored,has_matcha_type_claim,milk_option_count,size_option_count
ITM001,SEA001,Ceremonial,Matcha,Original,True,True,12oz;16oz,7.0,8.0,,Ceremonial,Official Website,https://www.itsmatchamagic.com/online-ordering/south-lake-union/menu,2026-08-28,False,Human-validated pilot menu record,Reviewed,7.5,True,True,False,True,0,2
ITM002,SEA001,Matcha Latte,Matcha Latte,Original,True,True,12oz;16oz,7.0,8.0,Horchata; 2%; Oat; Almond; Coconut; Soy,Ceremonial,Official Website,https://www.itsmatchamagic.com/online-ordering/south-lake-union/menu,2026-08-28,False,Human-validated pilot menu record,Reviewed,7.5,True,True,False,True,6,2
ITM003,SEA001,Strawberry Matcha,Matcha Latte,Strawberry,False,True,16oz,9.0,9.0,Horchata; 2%; Oat; Almond; Coconut; Soy,Ceremonial,Official Website,https://www.itsmatchamagic.com/online-ordering/south-lake-union/menu,2026-08-28,False,Human-validated pilot menu record,Reviewed,9.0,True,True,True,True,6,1
ITM004,SEA001,Matcha Horchata,Matcha Latte,Horchata,True,True,12oz;16oz,8.5,9.5,Horchata,Ceremonial,Official Website,https://www.itsmatchamagic.com/online-ordering/south-lake-union/menu,2026-08-28,False,Human-validated pilot menu record,Reviewed,9.0,True,True,True,True,1,2
ITM005,SEA001,Banana Cream Matcha,Matcha Latte,Banana,False,True,16oz,9.5,9.5,Horchata; 2%; Oat; Almond; Coconut; Soy,Ceremonial,Official Website,https://www.itsmatchamagic.com/online-ordering/south-lake-union/menu,2026-08-28,False,Human-validated pilot menu record,Reviewed,9.5,True,True,True,True,6,1
ITM006,SEA001,Earl Grey Matcha,Matcha Latte,Earl Grey,False,True,16oz,8.5,8.5,Horchata; 2%; Oat; Almond; Coconut; Soy,Ceremonial,Official Website,https://www.itsmatchamagic.com/online-ordering/south-lake-union/menu,2026-08-28,False,Human-validated pilot menu record,Reviewed,8.5,True,True,True,True,6,1
ITM007,SEA001,Matcha Mallow,Matcha Latte,Marshmallow,True,True,12oz;16oz,7.5,8.5,Horchata; 2%; Oat; Almond; Coconut; Soy,Ceremonial,Official Website,https://www.itsmatchamagic.com/online-ordering/south-lake-union/menu,2026-08-28,False,Human-validated pilot menu record,Reviewed,8.0,True,True,True,True,6,2
ITM008,SEA001,Triple Matcha,Matcha Latte,Original,False,True,16oz,9.5,9.5,Horchata; 2%; Oat; Almond; Coconut; Soy,Ceremonial,Official Website,https://www.itsmatchamagic.com/online-ordering/south-lake-union/menu,2026-08-28,False,Human-validated pilot menu record,Reviewed,9.5,True,True,False,True,6,1
ITM009,SEA001,Purple Rain,Matcha Latte,Ube,False,True,16oz,10.0,10.0,Horchata; 2%; Oat; Almond; Coconut; Soy,Ceremonial,Official Website,https://www.itsmatchamagic.com/online-ordering/south-lake-union/menu,2026-08-28,False,Human-validated pilot menu record,Reviewed,10.0,True,True,True,True,6,1
ITM010,SEA001,Matcha Magic Latte,Matcha Latte,Original,True,True,12oz;16oz,8.5,9.5,Horchata; 2%; Oat; Almond; Coconut; Soy,Ceremonial,Official Website,https://www.itsmatchamagic.com/online-ordering/south-lake-union/menu,2026-08-28,False,Human-validated pilot menu record,Reviewed,9.0,True,True,False,True,6,2
ITM011,SEA001,Blueberry Matcha,Matcha Latte,Blueberry,False,True,16oz,9.5,9.5,Horchata; 2%; Oat; Almond; Coconut; Soy,Ceremonial,Official Website,https://www.itsmatchamagic.com/online-ordering/south-lake-union/menu,2026-08-28,False,Human-validated pilot menu record,Reviewed,9.5,True,True,True,True,6,1
ITM012,SEA001,Black Sesame Matcha,Matcha Latte,Black Sesame,False,True,16oz,9.0,9.0,Horchata; 2%; Oat; Almond; Coconut; Soy,Ceremonial,Official Website,https://www.itsmatchamagic.com/online-ordering/south-lake-union/menu,2026-08-28,False,Human-validated pilot menu record,Reviewed,9.0,True,True,True,True,6,1
ITM013,SEA001,Caramel Maca-iato,Matcha Latte,Caramel,True,True,12oz;16oz,8.5,9.5,Horchata; 2%; Oat; Almond; Coconut; Soy,Ceremonial,Official Website,https://www.itsmatchamagic.com/online-ordering/south-lake-union/menu,2026-08-28,False,Human-validated pilot menu record,Reviewed,9.0,True,True,True,True,6,2
ITM014,SEA001,Coconut Matcha Latte,Matcha Latte,Coconut,False,True,16oz,8.5,8.5,Horchata; 2%; Oat; Almond; Coconut; Soy,Ceremonial,Official Website,https://www.itsmatchamagic.com/online-ordering/south-lake-union/menu,2026-08-28,False,Human-validated pilot menu record,Reviewed,8.5,True,True,True,True,6,1
ITM015,SEA001,Banana Matcha,Matcha Smoothie,Banana,False,True,16oz,12.0,12.0,Horchata; 2%; Oat; Almond; Coconut; Soy,Ceremonial,Official Website,https://www.itsmatchamagic.com/online-ordering/south-lake-union/menu,2026-08-28,False,Human-validated pilot menu record,Reviewed,12.0,True,True,True,True,6,1
ITM016,SEA002,Premium Uji Matcha Latte,Matcha Latte,Original,False,True,20oz,7.75,7.75,Whole; Oat,Uji,Official Website,https://themoobar.muncho.ai/post/detail?businessId=6330aa766d384e110d80979b&noBack=true&needShowSafariGuide=false,2026-08-28,False,Human-validated pilot menu record,Reviewed,7.75,True,True,False,True,2,1
ITM017,SEA002,Meiko Ceremonial Matcha Latte,Matcha Latte,Original,False,True,20oz,9.25,9.25,Whole; Oat,Ceremonial,Official Website,https://themoobar.muncho.ai/post/detail?businessId=6330aa766d384e110d80979b&noBack=true&needShowSafariGuide=false,2026-08-28,False,Human-validated pilot menu record,Reviewed,9.25,True,True,False,True,2,1
ITM018,SEA002,Earl Grey Matcha,Matcha Latte,Earl Grey,False,True,20oz,8.5,10.0,Whole; Oat,Uji; Ceremonial,Official Website,https://themoobar.muncho.ai/post/detail?businessId=6330aa766d384e110d80979b&noBack=true&needShowSafariGuide=false,2026-08-28,False,Human-validated pilot menu record,Reviewed,9.25,True,True,True,True,2,1
ITM019,SEA002,Cookie Butter Matcha Latte,Matcha Latte,Cookie Butter,False,True,20oz,9.0,10.5,Whole; Oat,Uji; Ceremonial,Official Website,https://themoobar.muncho.ai/post/detail?businessId=6330aa766d384e110d80979b&noBack=true&needShowSafariGuide=false,2026-08-28,False,Human-validated pilot menu record,Reviewed,9.75,True,True,True,True,2,1
ITM020,SEA002,Yuzu Matcha Latte,Matcha Latte,Yuzu Lemon,False,True,20oz,9.0,10.5,Whole; Oat,Uji; Ceremonial,Official Website,https://themoobar.muncho.ai/post/detail?businessId=6330aa766d384e110d80979b&noBack=true&needShowSafariGuide=false,2026-08-28,False,Human-validated pilot menu record,Reviewed,9.75,True,True,True,True,2,1
ITM021,SEA002,Pistachio Cream Matcha Latte,Matcha Latte,Pistachio,False,True,20oz,9.25,10.75,Whole; Oat,Uji; Ceremonial,Official Website,https://themoobar.muncho.ai/post/detail?businessId=6330aa766d384e110d80979b&noBack=true&needShowSafariGuide=false,2026-08-28,False,Human-validated pilot menu record,Reviewed,10.0,True,True,True,True,2,1
ITM022,SEA002,Mango Sticky Rice Matcha Latte,Matcha Latte,Mango,False,True,20oz,8.75,10.25,Whole,Uji; Ceremonial,Official Website,https://themoobar.muncho.ai/post/detail?businessId=6330aa766d384e110d80979b&noBack=true&needShowSafariGuide=false,2026-08-28,False,Human-validated pilot menu record,Reviewed,9.5,True,True,True,True,1,1
ITM023,SEA002,Mango Matcha Latte,Matcha Latte,Mango,False,True,20oz,8.0,9.5,Whole,Uji; Ceremonial,Official Website,https://themoobar.muncho.ai/post/detail?businessId=6330aa766d384e110d80979b&noBack=true&needShowSafariGuide=false,2026-08-28,False,Human-validated pilot menu record,Reviewed,8.75,True,True,True,True,1,1
ITM024,SEA002,Matcha Tiramisu Matcha Latte,Matcha Latte,Matcha Tiramisu,False,True,20oz,9.25,9.25,Whole,Uji; Ceremonial,Official Website,https://themoobar.muncho.ai/post/detail?businessId=6330aa766d384e110d80979b&noBack=true&needShowSafariGuide=false,2026-08-28,False,Human-validated pilot menu record,Reviewed,9.25,True,True,True,True,1,1
ITM025,SEA002,Strawberry Matcha,Matcha Latte,Strawberry,False,True,20oz,8.0,9.5,Whole,Uji; Ceremonial,Official Website,https://themoobar.muncho.ai/post/detail?businessId=6330aa766d384e110d80979b&noBack=true&needShowSafariGuide=false,2026-08-28,False,Human-validated pilot menu record,Reviewed,8.75,True,True,True,True,1,1
ITM026,SEA002,Banana Bread Matcha Latte,Matcha Latte,Banana,False,True,20oz,8.25,9.75,Whole; Oat,Uji; Ceremonial,Official Website,https://themoobar.muncho.ai/post/detail?businessId=6330aa766d384e110d80979b&noBack=true&needShowSafariGuide=false,2026-08-28,False,Human-validated pilot menu record,Reviewed,9.0,True,True,True,True,2,1
ITM027,SEA002,Matcha Brulee,Matcha Smoothie,Cream Brulee,False,True,20oz,8.75,8.75,,Uji,Official Website,https://themoobar.muncho.ai/post/detail?businessId=6330aa766d384e110d80979b&noBack=true&needShowSafariGuide=false,2026-08-28,False,Human-validated pilot menu record,Reviewed,8.75,True,True,True,True,0,1
ITM028,SEA002,Cloudy Oreo Matcha,Matcha Smoothie,Oreo,False,True,20oz,8.25,8.25,,Uji,Official Website,https://themoobar.muncho.ai/post/detail?businessId=6330aa766d384e110d80979b&noBack=true&needShowSafariGuide=false,2026-08-28,False,Human-validated pilot menu record,Reviewed,8.25,True,True,True,True,0,1
ITM029,SEA003,Triple Supreme Matcha Latte,Matcha Latte,Original,True,True,16oz,7.99,7.99,,,Official App,https://apps.apple.com/us/app/heytea/id6468945008,2026-08-28,False,Human-validated pilot menu record,Reviewed,7.99,True,True,False,False,0,1
ITM030,SEA003,Matcha Cloud Coconut Blue,Matcha Latte,Coconut,False,True,16oz,8.49,8.49,,,Official App,https://apps.apple.com/us/app/heytea/id6468945008,2026-08-28,False,Human-validated pilot menu record,Reviewed,8.49,True,True,True,False,0,1
ITM031,SEA003,Cloud Matcha Latte,Matcha Latte,Original,True,True,16oz,7.99,7.99,,,Official App,https://apps.apple.com/us/app/heytea/id6468945008,2026-08-28,False,Human-validated pilot menu record,Reviewed,7.99,True,True,False,False,0,1
SEA004-AI-001,SEA004,Matcha-Americano,Matcha,Original,True,True,16oz,5.5,5.5,,Ceremonial,Official Website,https://order.toasttab.com/online/matcha-man-ice-cream-taiyaki-6014-12th-ave-s,2026-08-29,False,Ceremonial matcha & water,Reviewed,5.5,True,True,False,True,0,1
SEA004-AI-002,SEA004,Matcha Latte,Matcha Latte,Original,True,True,12oz;16oz,7.0,8.0,,Ceremonial,Official Website,https://order.toasttab.com/online/matcha-man-ice-cream-taiyaki-6014-12th-ave-s,2026-08-29,True,"Organic ceremonial matcha, milk, pure maple syrup",Reviewed,7.5,True,True,False,True,0,2
SEA004-AI-003,SEA004,Sakura Matcha Latte,Matcha Latte,Sakura,True,True,12oz;16oz,7.25,8.25,,Ceremonial,Official Website,https://order.toasttab.com/online/matcha-man-ice-cream-taiyaki-6014-12th-ave-s,2026-08-29,True,sakura infused syrup,Reviewed,7.75,True,True,True,True,0,2
SEA004-AI-004,SEA004,Lavender Matcha Latte,Matcha Latte,Lavender,True,True,12oz;16oz,7.25,8.25,,Ceremonial,Official Website,https://order.toasttab.com/online/matcha-man-ice-cream-taiyaki-6014-12th-ave-s,2026-08-29,True,lavender syrup,Reviewed,7.75,True,True,True,True,0,2
SEA004-AI-005,SEA004,Rose Matcha Latte,Matcha Latte,Rose,True,True,12oz;16oz,7.25,8.25,,Ceremonial,Official Website,https://order.toasttab.com/online/matcha-man-ice-cream-taiyaki-6014-12th-ave-s,2026-08-29,True,rose infused syrup,Reviewed,7.75,True,True,True,True,0,2
SEA004-AI-006,SEA004,Chai Matcha Latte,Matcha Latte,Chai,True,True,12oz;16oz,6.75,7.75,,Ceremonial,Official Website,https://order.toasttab.com/online/matcha-man-ice-cream-taiyaki-6014-12th-ave-s,2026-08-29,True,"Organic ceremonial matcha, spiced chai, milk",Reviewed,7.25,True,True,True,True,0,2
SEA004-AI-007,SEA004,Vanilla Matcha Latte,Matcha Latte,Vanilla,True,True,12oz;16oz,7.25,8.25,,Ceremonial,Official Website,https://order.toasttab.com/online/matcha-man-ice-cream-taiyaki-6014-12th-ave-s,2026-08-29,True,"vanilla paste, maple syrup",Reviewed,7.75,True,True,True,True,0,2
SEA004-AI-008,SEA004,Strawberry Matcha Latte,Matcha Latte,Strawberry,False,True,12oz;16oz,7.5,8.5,,Ceremonial,Official Website,https://order.toasttab.com/online/matcha-man-ice-cream-taiyaki-6014-12th-ave-s,2026-08-29,True,fresh strawberry puree,Reviewed,8.0,True,True,True,True,0,2
SEA004-AI-009,SEA004,Double Strawberry Matcha Latte,Matcha Latte,Strawberry,False,True,16oz,9.0,9.0,,Ceremonial,Official Website,https://order.toasttab.com/online/matcha-man-ice-cream-taiyaki-6014-12th-ave-s,2026-08-29,False,with strawberry cream top,Reviewed,9.0,True,True,True,True,0,1
SEA004-AI-010,SEA004,Strawberry Cream Top Matcha Latte,Matcha Latte,Strawberry,False,True,16oz,8.5,8.5,,Ceremonial,Official Website,https://order.toasttab.com/online/matcha-man-ice-cream-taiyaki-6014-12th-ave-s,2026-08-29,False,(iced only),Reviewed,8.5,True,True,True,True,0,1
SEA004-AI-011,SEA004,Salted Cream Top Matcha Latte,Matcha Latte,Original,False,True,16oz,8.0,8.0,,Ceremonial,Official Website,https://order.toasttab.com/online/matcha-man-ice-cream-taiyaki-6014-12th-ave-s,2026-08-29,False,salted cream cold foam,Reviewed,8.0,True,True,False,True,0,1
SEA004-AI-012,SEA004,Coconut Matcha Cloud,Matcha,Coconut,False,True,12oz;16oz,7.5,8.5,,Ceremonial,Official Website,https://order.toasttab.com/online/matcha-man-ice-cream-taiyaki-6014-12th-ave-s,2026-08-29,True,(iced only) - $7.50+,Reviewed,8.0,True,True,True,True,0,2
SEA004-AI-013,SEA004,Calamansi Matcha Soda,Matcha Soda,Calamansi,False,True,12oz;16oz,5.75,6.75,,Ceremonial,Official Website,https://order.toasttab.com/online/matcha-man-ice-cream-taiyaki-6014-12th-ave-s,2026-08-29,True,"Ceremonial matcha, pure calamansi juice, club soda",Reviewed,6.25,True,True,True,True,0,2
SEA004-AI-014,SEA004,Carrot Cake Matcha Latte,Matcha Latte,Carrot Cake,False,True,16oz,8.5,8.5,,Ceremonial,Official Website,https://order.toasttab.com/online/matcha-man-ice-cream-taiyaki-6014-12th-ave-s,2026-08-29,False,Carrot Cake Matcha Latte with house made carrot cake syrup,Reviewed,8.5,True,True,True,True,0,1
SEA004-AI-015,SEA004,Banana Bread Matcha Latte,Matcha Latte,Banana Bread,False,True,16oz,8.5,8.5,,Ceremonial,Official Website,https://order.toasttab.com/online/matcha-man-ice-cream-taiyaki-6014-12th-ave-s,2026-08-29,False,Banana Bread Matcha Latte with house made banana bread syrup,Reviewed,8.5,True,True,True,True,0,1
SEA005-AI-001,SEA005,Matcha-O-Latte,Matcha Latte,Original,True,True,16oz,7.25,7.25,Oat,,Official Website,https://drip-drip-coffeehouse-seattle.cloveronline.com/menu/all,2026-08-29,False,"Matcha-O-Latte - $7.25; Matcha, oat milk, and sugarcane.",Reviewed,7.25,True,True,False,False,1,1
SEA005-AI-002,SEA005,Matcha Banana Latte,Matcha Latte,Banana,True,True,16oz,8.25,8.25,Oat,,Official Website,https://drip-drip-coffeehouse-seattle.cloveronline.com/menu/all,2026-08-29,False,Matcha Banana Latte - $8.25; paired with our in-house banana foam,Reviewed,8.25,True,True,True,False,1,1
SEA005-AI-003,SEA005,Matcha Strawberry Latte,Matcha Latte,Strawberry,True,True,16oz,8.25,8.25,Oat,,Official Website,https://drip-drip-coffeehouse-seattle.cloveronline.com/menu/all,2026-08-29,False,Matcha Strawberry Latte - $8.25; paired with our in-house strawberry jam foam.,Reviewed,8.25,True,True,True,False,1,1
SEA005-AI-004,SEA005,Matcha Mango Latte,Matcha Latte,Mango,True,True,16oz,8.25,8.25,Oat,,Official Website,https://drip-drip-coffeehouse-seattle.cloveronline.com/menu/all,2026-08-29,False,Matcha Mango Latte - $8.25; paired with our in-house mango foam.,Reviewed,8.25,True,True,True,False,1,1
SEA005-AI-005,SEA005,Matcha Salted Cheese Latte,Matcha Latte,Original,True,True,16oz,8.25,8.25,Oat,,Official Website,https://drip-drip-coffeehouse-seattle.cloveronline.com/menu/all,2026-08-29,False,Matcha Salted Cheese Latte - $8.25,Reviewed,8.25,True,True,False,False,1,1
SEA005-AI-006,SEA005,Matcha Non-Dairy Latte,Matcha Latte,Original,True,True,16oz,8.25,8.25,Oat,,Official Website,https://drip-drip-coffeehouse-seattle.cloveronline.com/menu/all,2026-08-29,False,Matcha Non-Dairy Latte - $8.25; NON-DAIRY,Reviewed,8.25,True,True,False,False,1,1
SEA005-AI-007,SEA005,Matcha Creme Brulee Latte,Matcha Latte,Creme Brulee,True,True,16oz,8.25,8.25,Oat,,Official Website,https://drip-drip-coffeehouse-seattle.cloveronline.com/menu/all,2026-08-29,False,Matcha Creme Brulee Latte - $8.25,Reviewed,8.25,True,True,True,False,1,1
SEA005-AI-008,SEA005,Matcha Salted Egg Yolk Latte,Matcha Latte,Salted Egg Yolk,True,True,16oz,8.5,8.5,Oat,,Official Website,https://drip-drip-coffeehouse-seattle.cloveronline.com/menu/all,2026-08-29,False,Matcha Salted Egg Yolk Latte - $8.50,Reviewed,8.5,True,True,True,False,1,1
SEA005-AI-009,SEA005,Matcha Sesame Latte,Matcha Latte,Sesame,True,True,16oz,8.25,8.25,Oat,,Official Website,https://drip-drip-coffeehouse-seattle.cloveronline.com/menu/all,2026-08-29,False,Matcha Sesame Latte - $8.25; paired with our in-house sesame foam.,Reviewed,8.25,True,True,True,False,1,1
SEA005-AI-010,SEA005,Matcha Blossom Latte,Matcha Latte,Cherry Blossom,True,True,16oz,8.25,8.25,Oat,,Official Website,https://drip-drip-coffeehouse-seattle.cloveronline.com/menu/all,2026-08-29,False,Matcha Blossom Latte - $8.25; cherry blossom/sakura foam.,Reviewed,8.25,True,True,True,False,1,1
SEA005-AI-011,SEA005,Double Matcha Latte,Matcha Latte,Pandan,True,True,16oz,8.25,8.25,Oat,,Official Website,https://drip-drip-coffeehouse-seattle.cloveronline.com/menu/all,2026-08-29,False,"Double Matcha Latte - $8.25; Matcha, oat milk, sugarcane, pandan",Reviewed,8.25,True,True,True,False,1,1
SEA005-AI-012,SEA005,Matcha Taro/Ube Latte,Matcha Latte,Taro; Ube,True,True,16oz,8.25,8.25,Oat,,Official Website,https://drip-drip-coffeehouse-seattle.cloveronline.com/menu/all,2026-08-29,False,Matcha Taro/Ube Latte - $8.25; taro ube foam.,Reviewed,8.25,True,True,True,False,1,1
SEA005-AI-013,SEA005,Matcha Cloud,Matcha,Coconut,False,True,16oz,6.5,6.5,Coconut,,Official Website,https://drip-drip-coffeehouse-seattle.cloveronline.com/menu/all,2026-08-29,False,Matcha Cloud - $6.50,Reviewed,6.5,True,True,True,False,1,1
SEA006-AI-001,SEA006,Ceremonial,Matcha,Original,True,True,12oz;16oz,7.0,8.0,,Ceremonial,Official Website,https://www.itsmatchamagic.com/online-ordering/south-lake-union/menu,2026-08-28,False,Human-validated pilot menu record,Reviewed,7.5,True,True,False,True,0,2
SEA006-AI-002,SEA006,Matcha Latte,Matcha Latte,Original,True,True,12oz;16oz,7.0,8.0,Horchata; 2%; Oat; Almond; Coconut; Soy,Ceremonial,Official Website,https://www.itsmatchamagic.com/online-ordering/south-lake-union/menu,2026-08-28,False,Human-validated pilot menu record,Reviewed,7.5,True,True,False,True,6,2
SEA006-AI-003,SEA006,Strawberry Matcha,Matcha Latte,Strawberry,False,True,16oz,9.0,9.0,Horchata; 2%; Oat; Almond; Coconut; Soy,Ceremonial,Official Website,https://www.itsmatchamagic.com/online-ordering/south-lake-union/menu,2026-08-28,False,Human-validated pilot menu record,Reviewed,9.0,True,True,True,True,6,1
SEA006-AI-004,SEA006,Matcha Horchata,Matcha Latte,Horchata,True,True,12oz;16oz,8.5,9.5,Horchata,Ceremonial,Official Website,https://www.itsmatchamagic.com/online-ordering/south-lake-union/menu,2026-08-28,False,Human-validated pilot menu record,Reviewed,9.0,True,True,True,True,1,2
SEA006-AI-005,SEA006,Banana Cream Matcha,Matcha Latte,Banana,False,True,16oz,9.5,9.5,Horchata; 2%; Oat; Almond; Coconut; Soy,Ceremonial,Official Website,https://www.itsmatchamagic.com/online-ordering/south-lake-union/menu,2026-08-28,False,Human-validated pilot menu record,Reviewed,9.5,True,True,True,True,6,1
SEA006-AI-006,SEA006,Earl Grey Matcha,Matcha Latte,Earl Grey,False,True,16oz,8.5,8.5,Horchata; 2%; Oat; Almond; Coconut; Soy,Ceremonial,Official Website,https://www.itsmatchamagic.com/online-ordering/south-lake-union/menu,2026-08-28,False,Human-validated pilot menu record,Reviewed,8.5,True,True,True,True,6,1
SEA006-AI-007,SEA006,Matcha Mallow,Matcha Latte,Marshmallow,True,True,12oz;16oz,7.5,8.5,Horchata; 2%; Oat; Almond; Coconut; Soy,Ceremonial,Official Website,https://www.itsmatchamagic.com/online-ordering/south-lake-union/menu,2026-08-28,False,Human-validated pilot menu record,Reviewed,8.0,True,True,True,True,6,2
SEA006-AI-008,SEA006,Triple Matcha,Matcha Latte,Original,False,True,16oz,9.5,9.5,Horchata; 2%; Oat; Almond; Coconut; Soy,Ceremonial,Official Website,https://www.itsmatchamagic.com/online-ordering/south-lake-union/menu,2026-08-28,False,Human-validated pilot menu record,Reviewed,9.5,True,True,False,True,6,1
SEA006-AI-009,SEA006,Purple Rain,Matcha Latte,Ube,False,True,16oz,10.0,10.0,Horchata; 2%; Oat; Almond; Coconut; Soy,Ceremonial,Official Website,https://www.itsmatchamagic.com/online-ordering/south-lake-union/menu,2026-08-28,False,Human-validated pilot menu record,Reviewed,10.0,True,True,True,True,6,1
SEA006-AI-010,SEA006,Matcha Magic Latte,Matcha Latte,Original,True,True,12oz;16oz,8.5,9.5,Horchata; 2%; Oat; Almond; Coconut; Soy,Ceremonial,Official Website,https://www.itsmatchamagic.com/online-ordering/south-lake-union/menu,2026-08-28,False,Human-validated pilot menu record,Reviewed,9.0,True,True,False,True,6,2
SEA006-AI-011,SEA006,Blueberry Matcha,Matcha Latte,Blueberry,False,True,16oz,9.5,9.5,Horchata; 2%; Oat; Almond; Coconut; Soy,Ceremonial,Official Website,https://www.itsmatchamagic.com/online-ordering/south-lake-union/menu,2026-08-28,False,Human-validated pilot menu record,Reviewed,9.5,True,True,True,True,6,1
SEA006-AI-012,SEA006,Black Sesame Matcha,Matcha Latte,Black Sesame,False,True,16oz,9.0,9.0,Horchata; 2%; Oat; Almond; Coconut; Soy,Ceremonial,Official Website,https://www.itsmatchamagic.com/online-ordering/south-lake-union/menu,2026-08-28,False,Human-validated pilot menu record,Reviewed,9.0,True,True,True,True,6,1
SEA006-AI-013,SEA006,Caramel Maca-iato,Matcha Latte,Caramel,True,True,12oz;16oz,8.5,9.5,Horchata; 2%; Oat; Almond; Coconut; Soy,Ceremonial,Official Website,https://www.itsmatchamagic.com/online-ordering/south-lake-union/menu,2026-08-28,False,Human-validated pilot menu record,Reviewed,9.0,True,True,True,True,6,2
SEA006-AI-014,SEA006,Coconut Matcha Latte,Matcha Latte,Coconut,False,True,16oz,8.5,8.5,Horchata; 2%; Oat; Almond; Coconut; Soy,Ceremonial,Official Website,https://www.itsmatchamagic.com/online-ordering/south-lake-union/menu,2026-08-28,False,Human-validated pilot menu record,Reviewed,8.5,True,True,True,True,6,1
SEA006-AI-015,SEA006,Banana Matcha,Matcha Smoothie,Banana,False,True,16oz,12.0,12.0,Horchata; 2%; Oat; Almond; Coconut; Soy,Ceremonial,Official Website,https://www.itsmatchamagic.com/online-ordering/south-lake-union/menu,2026-08-28,False,Human-validated pilot menu record,Reviewed,12.0,True,True,True,True,6,1
ITM032,SEA007,Matcha Tea,Matcha,Original,True,True,,5.89,14.89,,Kanayamidori; Yabukita; Samidori,Google Maps Menu,"https://www.google.com/search?q=taz+matcha&rlz=1C5CHFA_enUS1120US1121&oq=taz+&gs_lcrp=EgZjaHJvbWUqCAgBEEUYJxg7MgYIABBFGDkyCAgBEEUYJxg7MgcIAhAuGIAEMgcIAxAAGIAEMgcIBBAuGIAEMgYIBRBFGDwyBggGEEUYPDIGCAcQRRg80gEIMzg2NWowajeoAgiwAgHxBcaklEc3dmMv&sourceid=chrome&source=chrome.ob&ie=UTF-8#lpg=cid:CgIYIQ%3D%3D,ik:CAoSFkNJSE0wb2dLRVB1OHJfZVYtYXJGUHc%3D",2026-08-30,True,Human-verified against official menu,Reviewed,10.39,True,True,False,True,0,0
ITM033,SEA007,Matcha Latte,Matcha Latte,Original,True,True,,6.89,15.89,Whole; Oat; Soy; Almond,Kanayamidori; Yabukita; Samidori,Google Maps Menu,"https://www.google.com/search?q=taz+matcha&rlz=1C5CHFA_enUS1120US1121&oq=taz+&gs_lcrp=EgZjaHJvbWUqCAgBEEUYJxg7MgYIABBFGDkyCAgBEEUYJxg7MgcIAhAuGIAEMgcIAxAAGIAEMgcIBBAuGIAEMgYIBRBFGDwyBggGEEUYPDIGCAcQRRg80gEIMzg2NWowajeoAgiwAgHxBcaklEc3dmMv&sourceid=chrome&source=chrome.ob&ie=UTF-8#lpg=cid:CgIYIQ%3D%3D,ik:CAoSFkNJSE0wb2dLRVB1OHJfZVYtYXJGUHc%3D",2026-08-30,True,Human-verified against official menu,Reviewed,11.39,True,True,False,True,4,0
ITM034,SEA007,Dirty Matcha,Matcha Latte,Coffee,False,True,,7.89,16.89,Whole; Oat; Soy; Almond,Kanayamidori; Yabukita; Samidori,Google Maps Menu,"https://www.google.com/search?q=taz+matcha&rlz=1C5CHFA_enUS1120US1121&oq=taz+&gs_lcrp=EgZjaHJvbWUqCAgBEEUYJxg7MgYIABBFGDkyCAgBEEUYJxg7MgcIAhAuGIAEMgcIAxAAGIAEMgcIBBAuGIAEMgYIBRBFGDwyBggGEEUYPDIGCAcQRRg80gEIMzg2NWowajeoAgiwAgHxBcaklEc3dmMv&sourceid=chrome&source=chrome.ob&ie=UTF-8#lpg=cid:CgIYIQ%3D%3D,ik:CAoSFkNJSE0wb2dLRVB1OHJfZVYtYXJGUHc%3D",2026-08-30,True,Human-verified against official menu,Reviewed,12.39,True,True,True,True,4,0
ITM035,SEA007,Earl Grey Matcha Latte,Matcha Latte,Earl Grey,True,True,,7.0,16.0,Whole; Oat; Soy; Almond,Kanayamidori; Yabukita; Samidori,Google Maps Menu,"https://www.google.com/search?q=taz+matcha&rlz=1C5CHFA_enUS1120US1121&oq=taz+&gs_lcrp=EgZjaHJvbWUqCAgBEEUYJxg7MgYIABBFGDkyCAgBEEUYJxg7MgcIAhAuGIAEMgcIAxAAGIAEMgcIBBAuGIAEMgYIBRBFGDwyBggGEEUYPDIGCAcQRRg80gEIMzg2NWowajeoAgiwAgHxBcaklEc3dmMv&sourceid=chrome&source=chrome.ob&ie=UTF-8#lpg=cid:CgIYIQ%3D%3D,ik:CAoSFkNJSE0wb2dLRVB1OHJfZVYtYXJGUHc%3D",2026-08-30,True,Human-verified against official menu,Reviewed,11.5,True,True,True,True,4,0
ITM036,SEA007,Strawberry Matcha,Matcha Latte,Strawberry,False,True,,7.89,16.89,Whole; Oat; Soy; Almond,Kanayamidori; Yabukita; Samidori,Google Maps Menu,"https://www.google.com/search?q=taz+matcha&rlz=1C5CHFA_enUS1120US1121&oq=taz+&gs_lcrp=EgZjaHJvbWUqCAgBEEUYJxg7MgYIABBFGDkyCAgBEEUYJxg7MgcIAhAuGIAEMgcIAxAAGIAEMgcIBBAuGIAEMgYIBRBFGDwyBggGEEUYPDIGCAcQRRg80gEIMzg2NWowajeoAgiwAgHxBcaklEc3dmMv&sourceid=chrome&source=chrome.ob&ie=UTF-8#lpg=cid:CgIYIQ%3D%3D,ik:CAoSFkNJSE0wb2dLRVB1OHJfZVYtYXJGUHc%3D",2026-08-30,True,Human-verified against official menu,Reviewed,12.39,True,True,True,True,4,0
SEA008-AI-001,SEA008,Classic Matcha Latte,Matcha Latte,Original,False,True,16 oz,8.0,8.0,Oat; Almond; Corn,Ceremonial; Kanayamidori; Yabukita,Official Website,https://www.minasmatcha.com/s/Minas_Matcha_Menu.pdf,2026-08-29,False,"Classic Matcha Latte - $8.00
matcha, organic agave, milk",Reviewed,8.0,True,True,False,True,3,1
SEA008-AI-002,SEA008,Double Matcha Latte,Matcha Latte,Original,False,True,16 oz,9.0,9.0,Oat; Almond; Corn,Ceremonial; Kanayamidori; Yabukita,Official Website,https://www.minasmatcha.com/s/Minas_Matcha_Menu.pdf,2026-08-29,False,"Double Matcha Latte - $9.00
matcha, organic agave, milk, matcha cream top",Reviewed,9.0,True,True,False,True,3,1
SEA008-AI-003,SEA008,Vanilla Matcha Latte,Matcha Latte,Vanilla,False,True,16 oz,8.5,8.5,Oat; Almond; Corn,Ceremonial; Kanayamidori; Yabukita,Official Website,https://www.minasmatcha.com/s/Minas_Matcha_Menu.pdf,2026-08-29,False,"Vanilla Matcha Latte - $8.50
matcha, vanilla syrup, milk",Reviewed,8.5,True,True,True,True,3,1
SEA008-AI-004,SEA008,Lavender Matcha Latte,Matcha Latte,Lavender,False,True,16 oz,8.5,8.5,Oat; Almond; Corn,Ceremonial; Kanayamidori; Yabukita,Official Website,https://www.minasmatcha.com/s/Minas_Matcha_Menu.pdf,2026-08-29,False,"Lavender Matcha Latte - $8.50
matcha, lavender syrup, milk",Reviewed,8.5,True,True,True,True,3,1
SEA008-AI-005,SEA008,Earl Grey Matcha Latte,Matcha Latte,Earl Grey,False,True,16 oz,8.95,8.95,Oat; Almond; Corn,Ceremonial; Kanayamidori; Yabukita,Official Website,https://www.minasmatcha.com/s/Minas_Matcha_Menu.pdf,2026-08-29,False,"Earl Grey Matcha Latte - $8.95
matcha, house made earl grey syrup, milk",Reviewed,8.95,True,True,True,True,3,1
SEA008-AI-006,SEA008,Strawberry Matcha Latte,Matcha Latte,Strawberry,False,True,16 oz,8.95,8.95,Oat; Almond; Corn,Ceremonial; Kanayamidori; Yabukita,Official Website,https://www.minasmatcha.com/s/Minas_Matcha_Menu.pdf,2026-08-29,False,"Strawberry Matcha Latte - $8.95
matcha, house made strawberry puree, milk, strawberry cream top",Reviewed,8.95,True,True,True,True,3,1
SEA008-AI-007,SEA008,Ube Matcha Latte,Matcha Latte,Ube,False,True,16 oz,8.95,8.95,Oat; Almond; Corn,Ceremonial; Kanayamidori; Yabukita,Official Website,https://www.minasmatcha.com/s/Minas_Matcha_Menu.pdf,2026-08-29,False,"Ube Matcha Latte - $8.95
matcha, organic agave, milk, ube cream top",Reviewed,8.95,True,True,True,True,3,1
SEA008-AI-008,SEA008,Brown Sugar Matcha Latte,Matcha Latte,Brown Sugar,False,True,16 oz,8.95,8.95,Oat; Almond; Corn,Ceremonial; Kanayamidori; Yabukita,Official Website,https://www.minasmatcha.com/s/Minas_Matcha_Menu.pdf,2026-08-29,False,"Brown Sugar Matcha Latte - $8.95
matcha, house made brown sugar syrup, milk",Reviewed,8.95,True,True,True,True,3,1
SEA008-AI-009,SEA008,Banana Pudding Matcha Latte,Matcha Latte,Banana Pudding,False,True,16 oz,11.5,11.5,Oat; Almond; Corn,Ceremonial; Kanayamidori; Yabukita,Official Website,https://www.minasmatcha.com/s/Minas_Matcha_Menu.pdf,2026-08-29,False,"Banana Pudding Matcha Latte - $11.50
matcha, milk, vanilla syrup, banana pudding",Reviewed,11.5,True,True,True,True,3,1
SEA008-AI-010,SEA008,Apple Lime Matcha Refresher,Matcha Soda,Apple Lime,False,True,16 oz,9.0,9.0,,Ceremonial; Kanayamidori; Yabukita,Official Website,https://www.minasmatcha.com/s/Minas_Matcha_Menu.pdf,2026-08-29,False,"Apple Lime Matcha Refresher - $9.00
matcha, sparkling apple juice, lime",Reviewed,9.0,True,True,True,True,0,1
SEA009-AI-001,SEA009,Matcha Latte,Matcha Latte,Original,False,True,12 oz,7.5,7.5,Oat,"Ceremonial; Saemidori; Okumidori; Nishio, Aichi",Official PDF,https://drive.google.com/file/d/1dTl33UzNkJu1AkJvIg0savaLMOimN9wB/view?usp=sharing,2026-08-29,False,Matcha Latte - $7.50,Reviewed,7.5,True,True,False,True,1,1
SEA009-AI-002,SEA009,Jasmine Matcha Latte,Matcha Latte,Jasmine,False,True,12 oz,8.0,8.0,Oat; 2%,"Ceremonial; Saemidori; Okumidori; Nishio, Aichi",Official PDF,https://drive.google.com/file/d/1dTl33UzNkJu1AkJvIg0savaLMOimN9wB/view?usp=sharing,2026-08-29,False,Jasmine Matcha Latte - $8.00,Reviewed,8.0,True,True,True,True,2,1
SEA009-AI-003,SEA009,Strawberry Matcha,Matcha Latte,Strawberry,False,True,12 oz,8.5,8.5,Oat,"Ceremonial; Saemidori; Okumidori; Nishio, Aichi",Official PDF,https://drive.google.com/file/d/1dTl33UzNkJu1AkJvIg0savaLMOimN9wB/view?usp=sharing,2026-08-29,False,Strawberry Matcha - $8.50,Reviewed,8.5,True,True,True,True,1,1
SEA009-AI-004,SEA009,Matcha Cheese Top,Matcha Latte,Original,False,True,12 oz,8.5,8.5,Oat,"Ceremonial; Saemidori; Okumidori; Nishio, Aichi",Official PDF,https://drive.google.com/file/d/1dTl33UzNkJu1AkJvIg0savaLMOimN9wB/view?usp=sharing,2026-08-29,False,"Our rich matcha latte paired with a sweet, cream cheese base cream top.",Reviewed,8.5,True,True,False,True,1,1
SEA009-AI-005,SEA009,Banana Bread Matcha,Matcha Latte,Banana Bread,False,True,12 oz,8.5,8.5,Oat,"Ceremonial; Saemidori; Okumidori; Nishio, Aichi",Official PDF,https://drive.google.com/file/d/1dTl33UzNkJu1AkJvIg0savaLMOimN9wB/view?usp=sharing,2026-08-29,False,Banana Bread Matcha - $8.50,Reviewed,8.5,True,True,True,True,1,1
SEA009-AI-006,SEA009,Strawberry Jasmine Matcha,Matcha Latte,Strawberry; Jasmine,False,True,12 oz,8.5,8.5,Oat,"Ceremonial; Saemidori; Okumidori; Nishio, Aichi",Official PDF,https://drive.google.com/file/d/1dTl33UzNkJu1AkJvIg0savaLMOimN9wB/view?usp=sharing,2026-08-29,False,Strawberry Jasmine Matcha - $8.50,Reviewed,8.5,True,True,True,True,1,1
SEA010-AI-001,SEA010,Matcha Latte,Matcha Latte,Original,True,True,Small; Medium,6.5,7.0,,,Official Order App,https://order.toasttab.com/online/nanasgreentea,2026-08-29,True,"Matcha with milk, hot/cold. - $6.50+",Reviewed,6.75,True,True,False,False,0,2
SEA010-AI-002,SEA010,Matcha Red Bean Latte w/ Mochi,Matcha Latte,Red Bean,True,True,Small; Medium,8.5,8.99,,,Official Order App,https://order.toasttab.com/online/nanasgreentea,2026-08-29,True,"Whipped cream, mochi and red bean paste, hot/cold. - $8.50+",Reviewed,8.745000000000001,True,True,True,False,0,2
SEA010-AI-003,SEA010,Matcha Cream Latte,Matcha Latte,Original,True,True,Small; Medium,7.0,7.5,,,Official Order App,https://order.toasttab.com/online/nanasgreentea,2026-08-29,True,"Whipped cream, hot/cold. - $7.00+",Reviewed,7.25,True,True,False,False,0,2
SEA010-AI-004,SEA010,Matcha Float w/ Mochi,Matcha Latte,Original,False,True,Small; Medium,8.5,9.25,,,Official Order App,https://order.toasttab.com/online/nanasgreentea,2026-08-29,True,Only served cold. - $8.50+,Reviewed,8.875,True,True,False,False,0,2
SEA010-AI-005,SEA010,Matcha Brown Sugar Latte,Matcha Latte,Brown Sugar,True,True,Small; Medium,7.25,7.75,,,Official Order App,https://order.toasttab.com/online/nanasgreentea,2026-08-29,True,"brown sugar syrup, hot/cold. - $7.25+",Reviewed,7.5,True,True,True,False,0,2
SEA010-AI-006,SEA010,Matcha Chocolate Latte,Matcha Latte,Chocolate,True,True,Small; Medium,7.25,7.75,,,Official Order App,https://order.toasttab.com/online/nanasgreentea,2026-08-29,True,"chocolate sauce, hot/cold. - $7.25+",Reviewed,7.5,True,True,True,False,0,2
SEA010-AI-007,SEA010,Matcha Soft Serve Latte,Matcha Latte,Vanilla,False,True,Small; Medium,7.25,7.75,,,Official Order App,https://order.toasttab.com/online/nanasgreentea,2026-08-29,True,"Vanilla soft serve, only served cold. - $7.25+",Reviewed,7.5,True,True,True,False,0,2
SEA010-AI-008,SEA010,Matcha Latte Vanilla SS w/ Chocolate Crunch,Matcha Latte,Vanilla; Chocolate,False,True,Small; Medium,7.75,8.25,,,Official Order App,https://order.toasttab.com/online/nanasgreentea,2026-08-29,True,"Vanilla soft serve, chocolate crunch, only served cold. - $7.75+",Reviewed,8.0,True,True,True,False,0,2
SEA010-AI-009,SEA010,Matcha Frappe w/ Mochi,Matcha Smoothie,Original,False,True,Small,8.75,8.75,,,Official Order App,https://order.toasttab.com/online/nanasgreentea,2026-08-29,False,Matcha powder blended with ice and sweet milk - $8.75,Reviewed,8.75,True,True,False,False,0,1
SEA010-AI-010,SEA010,Black Sesame Frappe w/Mochi,Matcha Smoothie,Black Sesame,False,True,Small,9.25,9.25,,,Official Order App,https://order.toasttab.com/online/nanasgreentea,2026-08-29,False,Matcha powder blended with ice and sweet milk topped with creamy black sesame ice cream - $9.25,Reviewed,9.25,True,True,True,False,0,1
SEA010-AI-011,SEA010,Matcha Brown Sugar Frappe,Matcha Smoothie,Brown Sugar,False,True,Small,6.99,6.99,,,Official Order App,https://order.toasttab.com/online/nanasgreentea,2026-08-29,False,brown sugar syrup. - $6.99,Reviewed,6.99,True,True,True,False,0,1
SEA010-AI-012,SEA010,Matcha Soft Serve Frappe,Matcha Smoothie,Vanilla,False,True,Small,7.5,7.5,,,Official Order App,https://order.toasttab.com/online/nanasgreentea,2026-08-29,False,topped with vanilla soft serve. - $7.50,Reviewed,7.5,True,True,True,False,0,1
SEA010-AI-013,SEA010,Matcha Chocolate Crunch Frappe,Matcha Smoothie,Chocolate,False,True,Small,7.5,7.5,,,Official Order App,https://order.toasttab.com/online/nanasgreentea,2026-08-29,False,"chocolate sauce, and chocolate crunch. - $7.50",Reviewed,7.5,True,True,True,False,0,1
SEA010-AI-014,SEA010,Matcha Warabimochi Frappe,Matcha Smoothie,Original,False,True,Small,7.5,7.5,,,Official Order App,https://order.toasttab.com/online/nanasgreentea,2026-08-29,False,"warabimochi, brown sugar syrup. - $7.50",Reviewed,7.5,True,True,False,False,0,1
SEA010-AI-015,SEA010,Matcha Jelly Milkshake,Matcha Smoothie,Original,False,True,Small,9.75,9.75,,,Official Order App,https://order.toasttab.com/online/nanasgreentea,2026-08-29,False,chocolate sauce and a Biscoff cookie. - $9.75,Reviewed,9.75,True,True,False,False,0,1
SEA010-AI-016,SEA010,Matcha Soda,Matcha Soda,Original,False,True,Medium,5.99,5.99,,,Official Order App,https://order.toasttab.com/online/nanasgreentea,2026-08-29,False,Cold and medium size only. - $5.99,Reviewed,5.99,True,True,False,False,0,1
SEA010-AI-017,SEA010,Matcha Soft Serve Soda,Matcha Soda,Vanilla,False,True,Medium,6.99,6.99,,,Official Order App,https://order.toasttab.com/online/nanasgreentea,2026-08-29,False,topped with vanilla soft serve. Cold and medium size only. - $6.99,Reviewed,6.99,True,True,True,False,0,1
SEA010-AI-018,SEA010,Matcha Americano,Matcha,Original,True,True,Small; Medium,4.99,5.5,,,Official Order App,https://order.toasttab.com/online/nanasgreentea,2026-08-29,True,"Matcha espresso, water. - $4.99+",Reviewed,5.245,True,True,False,False,0,2
SEA010-AI-019,SEA010,Matcha Top Grade Espresso Shot,Matcha,Original,True,False,,5.0,5.0,,,Official Order App,https://order.toasttab.com/online/nanasgreentea,2026-08-29,False,2 ounces of top grade ceremonial matcha powder whisked into hot water. - $5.00,Reviewed,5.0,True,True,False,False,0,0
SEA010-AI-020,SEA010,Matcha Mochi Parfait,Matcha Dessert,Original,False,False,,12.5,12.5,,,Official Order App,https://order.toasttab.com/online/nanasgreentea,2026-08-29,False,"matcha ice cream, vanilla soft serve ice cream, corn flakes, red bean paste, mochi - $12.50",Reviewed,12.5,True,True,False,False,0,0
SEA010-AI-021,SEA010,Matcha Warabimochi Parfait,Matcha Dessert,Original,False,False,,12.5,12.5,,,Official Order App,https://order.toasttab.com/online/nanasgreentea,2026-08-29,False,"matcha ice cream, vanilla soft serve, corn flakes, red bean paste, warabimochi - $12.50",Reviewed,12.5,True,True,False,False,0,0
SEA010-AI-022,SEA010,25th Year Matcha Anniversary Parfait,Matcha Dessert,Original,False,False,,15.5,15.5,,,Official Order App,https://order.toasttab.com/online/nanasgreentea,2026-08-29,False,"Matcha jelly, chocolate sauce, matcha ice cream, matcha whipped cream - $15.50",Reviewed,15.5,True,True,False,False,0,0
SEA010-AI-023,SEA010,Matcha Ice Cream - Pint,Matcha Dessert,Original,False,False,,12.75,12.75,,,Official Order App,https://order.toasttab.com/online/nanasgreentea,2026-08-29,False,1 pint of matcha ice cream. - $12.75,Reviewed,12.75,True,True,False,False,0,0
SEA010-AI-024,SEA010,Matcha Roll Cake,Matcha Dessert,Original,False,False,,7.5,7.5,,,Official Order App,https://order.toasttab.com/online/nanasgreentea,2026-08-29,False,Matcha sponge cake filled with whipped cream and concentrated matcha cream. - $7.50,Reviewed,7.5,True,True,False,False,0,0
SEA010-AI-025,SEA010,Matcha Red Bean Roll Cake,Matcha Dessert,Red Bean,False,False,,7.5,7.5,,,Official Order App,https://order.toasttab.com/online/nanasgreentea,2026-08-29,False,Matcha sponge cake filled with red bean whipped cream. - $7.50,Reviewed,7.5,True,True,True,False,0,0
SEA010-AI-026,SEA010,Matcha Chocolate Cake,Matcha Dessert,Chocolate,False,False,,7.5,7.5,,,Official Order App,https://order.toasttab.com/online/nanasgreentea,2026-08-29,False,Rich matcha white chocolate cake. - $7.50,Reviewed,7.5,True,True,True,False,0,0
SEA010-AI-027,SEA010,Matcha Burnt Basque Cheesecake,Matcha Dessert,Original,False,False,,8.25,8.25,,,Official Order App,https://order.toasttab.com/online/nanasgreentea,2026-08-29,False,Light and creamy matcha cheesecake with a toasted outer layer. - $8.25,Reviewed,8.25,True,True,False,False,0,0
SEA010-AI-028,SEA010,Matcha Cream Puff,Matcha Dessert,Original,False,False,,7.25,7.25,,,Official Order App,https://order.toasttab.com/online/nanasgreentea,2026-08-29,False,Cream puff with matcha custard cream. - $7.25,Reviewed,7.25,True,True,False,False,0,0
SEA010-AI-029,SEA010,Matcha Tiramisu,Matcha Dessert,Original,False,False,,8.5,8.5,,,Official Order App,https://order.toasttab.com/online/nanasgreentea,2026-08-29,False,"Layers of matcha sponge cake and mascarpone cream, topped with matcha white chocolate shavings. - $8.50",Reviewed,8.5,True,True,False,False,0,0
SEA010-AI-030,SEA010,Matcha Cream Cheese Pound Cake,Matcha Dessert,Original,False,False,,5.0,5.0,,,Official Order App,https://order.toasttab.com/online/nanasgreentea,2026-08-29,False,Marbled matcha and cream cheese pound cake slice. - $5.00,Reviewed,5.0,True,True,False,False,0,0
SEA010-AI-031,SEA010,Matcha Muffin w/ Red Bean,Matcha Dessert,Red Bean,False,False,,5.0,5.0,,,Official Order App,https://order.toasttab.com/online/nanasgreentea,2026-08-29,False,"Matcha muffin, red bean center, cookie crumble top. - $5.00",Reviewed,5.0,True,True,True,False,0,0
ITM037,SEA011,Matcha Latte,Matcha Latte,Original,True,True,12 oz; 16 oz,6.5,7.0,Whole; 2%; Oat; Soy; Heavy cream; Half&half,,Official Order App,https://pos.chowbus.com/online-ordering/store/Chaco/22316?referrer=google_food_ordering,2026-08-31,True,Human-verified against official menu,Reviewed,6.75,True,True,False,False,6,2
ITM038,SEA011,Jasmine Matcha Latte,Matcha Latte,Jasmine,False,True,,8.0,8.0,Whole; 2%; Oat; Soy; Heavy cream; Half&half,,Official Order App,https://pos.chowbus.com/online-ordering/store/Chaco/22316?referrer=google_food_ordering,2026-08-31,False,Human-verified against official menu,Reviewed,8.0,True,True,True,False,6,0
ITM039,SEA011,Strawberry Matcha Latte,Matcha Latte,Strawberry,False,True,,8.0,8.0,Whole; 2%; Oat; Soy; Heavy cream; Half&half,,Official Order App,https://pos.chowbus.com/online-ordering/store/Chaco/22316?referrer=google_food_ordering,2026-08-31,False,Human-verified against official menu,Reviewed,8.0,True,True,True,False,6,0
SEA012-AI-001,SEA012,Matcha,Matcha,Original,False,True,,5.88,6.29,Oat; Almond; Coconut,,Official Website,https://yoka-tea.vercel.app/menu,2026-08-29,False,Matcha 5.88 / 6.29,Reviewed,6.085,True,True,False,False,3,0
SEA012-AI-002,SEA012,Matcha Matcha,Matcha Smoothie,Original,False,True,,6.39,6.79,Oat; Almond; Coconut,,Official Website,https://yoka-tea.vercel.app/menu,2026-08-29,False,Matcha Matcha 6.39 / 6.79,Reviewed,6.59,True,True,False,False,3,0
SEA012-AI-003,SEA012,Strawberry Matcha,Matcha Latte,Strawberry,False,True,,6.49,6.88,Oat; Almond; Coconut,,Official Website,https://yoka-tea.vercel.app/menu,2026-08-29,False,Strawby Matcha 6.49 / 6.88,Reviewed,6.6850000000000005,True,True,True,False,3,0
SEA012-AI-004,SEA012,Matcha Einspanner,Matcha Latte,Original,False,True,,6.29,6.79,Oat; Almond; Coconut,,Official Website,https://yoka-tea.vercel.app/menu,2026-08-29,False,Matcha Einspanner 6.29 / 6.79,Reviewed,6.54,True,True,False,False,3,0
SEA013-AI-001,SEA013,Matcha Latte,Matcha Latte,Original,True,True,,7.25,7.25,Whole; Oat; Soy; Coconut,Chosen; Ganbaru,Official Order App,https://toast.app/r/junbi-seattle/order,2026-08-29,False,Cold Matcha Latte ‚Äî Fresh dairy & a double matcha shot ‚Äî $7.25,Reviewed,7.25,True,True,False,True,4,0
SEA013-AI-002,SEA013,Dirty Matcha Latte,Matcha Latte,Espresso,True,True,,8.25,8.25,Whole; Oat; Soy; Coconut,Chosen; Ganbaru,Official Order App,https://toast.app/r/junbi-seattle/order,2026-08-29,False,"Cold Dirty Matcha Latte ‚Äî Fresh dairy, double espresso shot, & a double matcha shot ‚Äî $8.25",Reviewed,8.25,True,True,True,True,4,0
SEA013-AI-003,SEA013,Guava Matcha Latte,Matcha Latte,Guava,True,True,,7.75,7.75,Whole; Oat; Soy; Coconut,Chosen; Ganbaru,Official Order App,https://toast.app/r/junbi-seattle/order,2026-08-29,False,"Cold Guava Matcha Latte ‚Äî Fresh dairy, all-natural house-made guava puree, & a double shot of matcha ‚Äî $7.75",Reviewed,7.75,True,True,True,True,4,0
SEA013-AI-004,SEA013,Madagascar Vanilla Matcha Latte,Matcha Latte,Madagascar Vanilla,True,True,,7.5,7.5,Whole; Oat; Soy; Coconut,Chosen; Ganbaru,Official Order App,https://toast.app/r/junbi-seattle/order,2026-08-29,False,"Cold Madagascar Vanilla Matcha Latte ‚Äî Fresh dairy, Madagascar vanilla, & a double matcha shot ‚Äî $7.50",Reviewed,7.5,True,True,True,True,4,0
SEA013-AI-005,SEA013,Mango Matcha Latte,Matcha Latte,Mango,True,True,,7.5,7.5,Whole; Oat; Soy; Coconut,Chosen; Ganbaru,Official Order App,https://toast.app/r/junbi-seattle/order,2026-08-29,False,"Cold Mango Matcha Latte ‚Äî Fresh dairy, real mango puree, & a double shot of matcha ‚Äî $7.50",Reviewed,7.5,True,True,True,True,4,0
SEA013-AI-006,SEA013,Strawberry Matcha Latte,Matcha Latte,Strawberry,True,True,,7.5,7.5,Whole; Oat; Soy; Coconut,Chosen; Ganbaru,Official Order App,https://toast.app/r/junbi-seattle/order,2026-08-29,False,"Cold Strawberry Matcha Latte ‚Äî Fresh dairy, real strawberries, & a double matcha shot ‚Äî $7.50",Reviewed,7.5,True,True,True,True,4,0
SEA013-AI-007,SEA013,Ganbaru Ceremonial Matcha Cold Brew,Matcha,Coffee,True,True,,7.0,7.0,,Ganbaru,Official Order App,https://toast.app/r/junbi-seattle/order,2026-08-29,False,Cold Ganbaru Ceremonial Matcha Cold Brew ‚Äî first harvest shade-grown matcha ‚Äî $7.00,Reviewed,7.0,True,True,True,True,0,0
SEA013-AI-008,SEA013,Chosen Ceremonial Matcha Cold Brew,Matcha,Coffee,True,True,,7.25,7.25,,Chosen,Official Order App,https://toast.app/r/junbi-seattle/order,2026-08-29,False,Cold Chosen Ceremonial Matcha Cold Brew ‚Äî first harvest shade-grown matcha ‚Äî $7.25,Reviewed,7.25,True,True,True,True,0,0
SEA013-AI-009,SEA013,Dirty Matcha Latte Cold Brew,Matcha,Espresso,True,True,,7.75,7.75,,Premium,Official Order App,https://toast.app/r/junbi-seattle/order,2026-08-29,False,Cold Dirty Matcha Cold Brew ‚Äî matcha with milk and double espresso ‚Äî $7.75,Reviewed,7.75,True,True,True,True,0,0
SEA013-AI-010,SEA013,Guava Matcha Cold Brew,Matcha,Guava,True,True,,7.5,7.5,,Premium,Official Order App,https://toast.app/r/junbi-seattle/order,2026-08-29,False,Cold Guava Matcha Cold Brew ‚Äî premium matcha and house-made guava puree ‚Äî $7.50,Reviewed,7.5,True,True,True,True,0,0
SEA013-AI-011,SEA013,Mango Matcha Cold Brew,Matcha,Mango,True,True,,7.25,7.25,,Premium,Official Order App,https://toast.app/r/junbi-seattle/order,2026-08-29,False,Cold Mango Matcha Cold Brew ‚Äî signature premium matcha and real mangoes ‚Äî $7.25,Reviewed,7.25,True,True,True,True,0,0
SEA013-AI-012,SEA013,Madagascar Vanilla Matcha Cold Brew,Matcha,Madagascar Vanilla,True,True,,7.25,7.25,,Premium,Official Order App,https://toast.app/r/junbi-seattle/order,2026-08-29,False,"Cold Madagascar Vanilla Matcha Cold Brew ‚Äî premium matcha, Madagascar vanilla, and fresh dairy ‚Äî $7.25",Reviewed,7.25,True,True,True,True,0,0
SEA013-AI-013,SEA013,Strawberry Matcha Cold Brew,Matcha,Strawberry,True,True,,7.25,7.25,,Premium,Official Order App,https://toast.app/r/junbi-seattle/order,2026-08-29,False,Cold Strawberry Matcha Cold Brew ‚Äî premium matcha and real strawberries ‚Äî $7.25,Reviewed,7.25,True,True,True,True,0,0
SEA013-AI-014,SEA013,Yuzu Dragon Fruit Matcha Cold Brew,Matcha,Yuzu; Dragon Fruit,True,True,,7.5,7.5,,Premium,Official Order App,https://toast.app/r/junbi-seattle/order,2026-08-29,False,"Cold Yuzu Dragon Fruit Matcha Cold Brew ‚Äî premium matcha, yuzu juice, and real dragon fruit ‚Äî $7.50",Reviewed,7.5,True,True,True,True,0,0
SEA013-AI-015,SEA013,Dirty Matcha Blended,Matcha Smoothie,Espresso,False,True,,9.0,9.0,,Premium,Official Order App,https://toast.app/r/junbi-seattle/order,2026-08-29,False,Dirty Matcha Blended ‚Äî premium matcha blended with vanilla cream and double espresso ‚Äî $9.00,Reviewed,9.0,True,True,True,True,0,0
SEA013-AI-016,SEA013,Matcha Blended,Matcha Smoothie,Original,False,True,,8.0,8.0,,Premium,Official Order App,https://toast.app/r/junbi-seattle/order,2026-08-29,False,Matcha Blended ‚Äî premium grade matcha blended with vanilla cream ‚Äî $8.00,Reviewed,8.0,True,True,False,True,0,0
SEA013-AI-017,SEA013,Strawberry Matcha Blended,Matcha Smoothie,Strawberry,False,True,,8.25,8.25,,Premium,Official Order App,https://toast.app/r/junbi-seattle/order,2026-08-29,False,"Strawberry Matcha Blended ‚Äî premium grade matcha, strawberry puree, vanilla cream ‚Äî $8.25",Reviewed,8.25,True,True,True,True,0,0
SEA013-AI-018,SEA013,Matcha Soft Serve,Matcha Dessert,Original,False,False,,6.5,6.5,,Premium,Official Order App,https://toast.app/r/junbi-seattle/order,2026-08-29,False,Matcha Soft Serve ‚Äî made with fresh milk ‚Äî $6.50,Reviewed,6.5,True,True,False,True,0,0
SEA013-AI-019,SEA013,Matcha Vanilla Swirl,Matcha Dessert,Vanilla,False,False,,6.5,6.5,,Premium,Official Order App,https://toast.app/r/junbi-seattle/order,2026-08-29,False,Matcha Vanilla Swirl ‚Äî made with fresh milk ‚Äî $6.50,Reviewed,6.5,True,True,True,True,0,0
SEA013-AI-020,SEA013,Espresso Affogato,Matcha Dessert,Espresso,False,False,,6.75,6.75,,Premium,Official Order App,https://toast.app/r/junbi-seattle/order,2026-08-29,False,"Espresso Affogato ‚Äî vanilla soft serve, signature premium matcha, espresso shot ‚Äî $6.75",Reviewed,6.75,True,True,True,True,0,0
SEA013-AI-021,SEA013,Matcha Affogato,Matcha Dessert,Original,False,False,,6.75,6.75,,Premium,Official Order App,https://toast.app/r/junbi-seattle/order,2026-08-29,False,"Matcha Affogato ‚Äî vanilla soft serve, signature premium matcha, matcha shot ‚Äî $6.75",Reviewed,6.75,True,True,False,True,0,0
SEA013-AI-022,SEA013,Chocolate Hazelnut Matcha Latte,Matcha Latte,Chocolate; Hazelnut,True,True,,8.95,8.95,,Premium,Official Order App,https://toast.app/r/junbi-seattle/order,2026-08-29,False,"Chocolate Hazelnut Matcha Latte ‚Äî fresh dairy, chocolate hazelnut puree, double shot of matcha ‚Äî $8.95",Reviewed,8.95,True,True,True,True,0,0
SEA013-AI-023,SEA013,Chocolate Hazelnut Matcha Blended,Matcha Smoothie,Chocolate; Hazelnut,False,True,,8.95,8.95,,Premium,Official Order App,https://toast.app/r/junbi-seattle/order,2026-08-29,False,"Chocolate Hazelnut Matcha Blended ‚Äî premium grade matcha, chocolate hazelnut puree, vanilla cream ‚Äî $8.95",Reviewed,8.95,True,True,True,True,0,0
ITM040,SEA014,Lune's Special Latte,Matcha Latte,Original,True,True,12 oz; 16 oz,5.75,6.75,Whole; Almond,,Official Order App,https://mylunecafe.com/order/lune-cafe-107-1st-avenue-south,2026-08-31,True,Human-verified against official menu,Reviewed,6.25,True,True,False,False,2,2
ITM041,SEA014,Pistachio Heaven Latte,Matcha Latte,Pistachio,True,True,12 oz; 16 oz,6.0,7.0,Whole; Almond,,Official Order App,https://mylunecafe.com/order/lune-cafe-107-1st-avenue-south,2026-08-31,True,Human-verified against official menu,Reviewed,6.5,True,True,True,False,2,2
ITM042,SEA014,Purple Glow Latte,Matcha Latte,Lavender,True,True,12 oz; 16 oz,5.75,6.75,Whole; Almond,,Official Order App,https://mylunecafe.com/order/lune-cafe-107-1st-avenue-south,2026-08-31,True,Human-verified against official menu,Reviewed,6.25,True,True,True,False,2,2
ITM043,SEA014,Samoa Latte,Matcha Latte,Caramel; Coconut,True,True,12 oz; 16 oz,5.75,6.75,Whole; Almond,,Official Order App,https://mylunecafe.com/order/lune-cafe-107-1st-avenue-south,2026-08-31,True,Human-verified against official menu,Reviewed,6.25,True,True,True,False,2,2
ITM044,SEA014,Cookie Butter Latte,Matcha Latte,Cookie Butter,True,True,12 oz; 16 oz,5.75,6.75,Whole; Almond,,Official Order App,https://mylunecafe.com/order/lune-cafe-107-1st-avenue-south,2026-08-31,True,Human-verified against official menu,Reviewed,6.25,True,True,True,False,2,2
SEA015-AI-001,SEA015,Premium Matcha Brulee,Matcha Latte,Original,False,True,,7.0,7.0,,Sugimoto,Official Website,https://www.tamaribarseattle.com/food-1,2026-08-29,False,Premium Matcha Brulee ‚Äî matcha creme brulee made with premium Sugimoto Tea Company matcha ‚Äî $7,Reviewed,7.0,True,True,False,True,0,0
SEA015-AI-002,SEA015,Baiten Soft Serve - Matcha,Matcha Dessert,Original,False,False,,7.0,7.0,,,Official Website,https://www.tamaribarseattle.com/food-1,2026-08-29,False,Baiten Soft Serve - Matcha ‚Äî vanilla soft serve with Matcha syrup option ‚Äî $7,Reviewed,7.0,True,True,False,False,0,0
SEA015-AI-003,SEA015,Frozen Cookie Sandwich - Matcha,Matcha Dessert,Original,False,False,,7.0,7.0,,Sugimoto,Official Website,https://www.tamaribarseattle.com/food-1,2026-08-29,False,Frozen Cookie Sandwich - Matcha ‚Äî Matcha tea cookie option; subject to availability ‚Äî $7,Reviewed,7.0,True,True,False,True,0,0
SEA015-AI-004,SEA015,Hot Matcha Tea,Matcha,Original,True,False,,3.0,3.0,,,Official Website,https://www.tamaribarseattle.com/food-1,2026-08-29,False,Hot Matcha Tea ‚Äî Matcha tea option ‚Äî $3,Reviewed,3.0,True,True,False,False,0,0
ITM045,SEA016,Matcha Latte,Matcha Latte,Original,True,True,Medium,7.0,7.0,Oat,,Google Maps Menu,"https://www.google.com/search?gs_ssp=eJzj4tVP1zc0LM9IK08yM6gwYLRSNagwNbE0MDQ1SzRPTjM3NTc3tzKoMDZPSTI1NzI3Sba0NAGKe4mUJeakKuQmliRnJCqoKSTnp6WlpgIAJXwV2Q&q=vale+matcha+%26+coffee&rlz=1C5CHFA_enUS1120US1121&oq=Vale+Matcha+%26+Coffee&gs_lcrp=EgZjaHJvbWUqEggBEC4YExivARjHARiABBiOBTIOCAAQRRgTGDkY4wIYgAQyEggBEC4YExivARjHARiABBiOBTIJCAIQABgTGIAEMgkIAxAAGBMYgAQyCggEEAAYExgWGB4yCggFEAAYExgWGB4yCggGEAAYExgWGB4yCggHEAAYExgWGB4yCggIEAAYExgWGB4yCggJEAAYExgWGB7SAQgzMDAzajBqNKgCA7ACAfEFRfLB-oQFhyo&sourceid=chrome&source=chrome.ob&ie=UTF-8#lpg=cid:CgIYIQ%3D%3D,ik:CAoSHENJQUJJaEJuTmh5UVJnenkyZFQtOUJZUGNOZFI%3D",2026-08-31,False,Human-verified against official menu,Reviewed,7.0,True,True,False,False,1,1
ITM046,SEA016,Matcha Tea,Matcha,Original,True,True,Medium,6.0,6.0,,,Google Maps Menu,"https://www.google.com/search?gs_ssp=eJzj4tVP1zc0LM9IK08yM6gwYLRSNagwNbE0MDQ1SzRPTjM3NTc3tzKoMDZPSTI1NzI3Sba0NAGKe4mUJeakKuQmliRnJCqoKSTnp6WlpgIAJXwV2Q&q=vale+matcha+%26+coffee&rlz=1C5CHFA_enUS1120US1121&oq=Vale+Matcha+%26+Coffee&gs_lcrp=EgZjaHJvbWUqEggBEC4YExivARjHARiABBiOBTIOCAAQRRgTGDkY4wIYgAQyEggBEC4YExivARjHARiABBiOBTIJCAIQABgTGIAEMgkIAxAAGBMYgAQyCggEEAAYExgWGB4yCggFEAAYExgWGB4yCggGEAAYExgWGB4yCggHEAAYExgWGB4yCggIEAAYExgWGB4yCggJEAAYExgWGB7SAQgzMDAzajBqNKgCA7ACAfEFRfLB-oQFhyo&sourceid=chrome&source=chrome.ob&ie=UTF-8#lpg=cid:CgIYIQ%3D%3D,ik:CAoSHENJQUJJaEJuTmh5UVJnenkyZFQtOUJZUGNOZFI%3D",2026-08-31,False,Human-verified against official menu,Reviewed,6.0,True,True,False,False,0,1
ITM047,SEA016,Double Matcha Latte,Matcha Latte,Original,False,True,Medium,8.5,8.5,Oat,,Google Maps Menu,"https://www.google.com/search?gs_ssp=eJzj4tVP1zc0LM9IK08yM6gwYLRSNagwNbE0MDQ1SzRPTjM3NTc3tzKoMDZPSTI1NzI3Sba0NAGKe4mUJeakKuQmliRnJCqoKSTnp6WlpgIAJXwV2Q&q=vale+matcha+%26+coffee&rlz=1C5CHFA_enUS1120US1121&oq=Vale+Matcha+%26+Coffee&gs_lcrp=EgZjaHJvbWUqEggBEC4YExivARjHARiABBiOBTIOCAAQRRgTGDkY4wIYgAQyEggBEC4YExivARjHARiABBiOBTIJCAIQABgTGIAEMgkIAxAAGBMYgAQyCggEEAAYExgWGB4yCggFEAAYExgWGB4yCggGEAAYExgWGB4yCggHEAAYExgWGB4yCggIEAAYExgWGB4yCggJEAAYExgWGB7SAQgzMDAzajBqNKgCA7ACAfEFRfLB-oQFhyo&sourceid=chrome&source=chrome.ob&ie=UTF-8#lpg=cid:CgIYIQ%3D%3D,ik:CAoSHENJQUJJaEJuTmh5UVJnenkyZFQtOUJZUGNOZFI%3D",2026-08-31,False,Human-verified against official menu,Reviewed,8.5,True,True,False,False,1,1
ITM048,SEA016,Butter Pecan Matcha Latte,Matcha Latte,Butter Pecan,False,True,Medium,8.0,8.0,Oat,,Google Maps Menu,"https://www.google.com/search?gs_ssp=eJzj4tVP1zc0LM9IK08yM6gwYLRSNagwNbE0MDQ1SzRPTjM3NTc3tzKoMDZPSTI1NzI3Sba0NAGKe4mUJeakKuQmliRnJCqoKSTnp6WlpgIAJXwV2Q&q=vale+matcha+%26+coffee&rlz=1C5CHFA_enUS1120US1121&oq=Vale+Matcha+%26+Coffee&gs_lcrp=EgZjaHJvbWUqEggBEC4YExivARjHARiABBiOBTIOCAAQRRgTGDkY4wIYgAQyEggBEC4YExivARjHARiABBiOBTIJCAIQABgTGIAEMgkIAxAAGBMYgAQyCggEEAAYExgWGB4yCggFEAAYExgWGB4yCggGEAAYExgWGB4yCggHEAAYExgWGB4yCggIEAAYExgWGB4yCggJEAAYExgWGB7SAQgzMDAzajBqNKgCA7ACAfEFRfLB-oQFhyo&sourceid=chrome&source=chrome.ob&ie=UTF-8#lpg=cid:CgIYIQ%3D%3D,ik:CAoSHENJQUJJaEJuTmh5UVJnenkyZFQtOUJZUGNOZFI%3D",2026-08-31,False,Human-verified against official menu,Reviewed,8.0,True,True,True,False,1,1
ITM049,SEA016,Cherry Blossom Matcha Latte,Matcha Latte,Cherry Blossom,False,True,Medium,8.5,8.5,Oat,,Google Maps Menu,"https://www.google.com/search?gs_ssp=eJzj4tVP1zc0LM9IK08yM6gwYLRSNagwNbE0MDQ1SzRPTjM3NTc3tzKoMDZPSTI1NzI3Sba0NAGKe4mUJeakKuQmliRnJCqoKSTnp6WlpgIAJXwV2Q&q=vale+matcha+%26+coffee&rlz=1C5CHFA_enUS1120US1121&oq=Vale+Matcha+%26+Coffee&gs_lcrp=EgZjaHJvbWUqEggBEC4YExivARjHARiABBiOBTIOCAAQRRgTGDkY4wIYgAQyEggBEC4YExivARjHARiABBiOBTIJCAIQABgTGIAEMgkIAxAAGBMYgAQyCggEEAAYExgWGB4yCggFEAAYExgWGB4yCggGEAAYExgWGB4yCggHEAAYExgWGB4yCggIEAAYExgWGB4yCggJEAAYExgWGB7SAQgzMDAzajBqNKgCA7ACAfEFRfLB-oQFhyo&sourceid=chrome&source=chrome.ob&ie=UTF-8#lpg=cid:CgIYIQ%3D%3D,ik:CAoSHENJQUJJaEJuTmh5UVJnenkyZFQtOUJZUGNOZFI%3D",2026-08-31,False,Human-verified against official menu,Reviewed,8.5,True,True,True,False,1,1
ITM050,SEA016,Banana Caramel Matcha Latte,Matcha Latte,Banana,False,True,Medium,8.0,8.0,Oat,,Google Maps Menu,"https://www.google.com/search?gs_ssp=eJzj4tVP1zc0LM9IK08yM6gwYLRSNagwNbE0MDQ1SzRPTjM3NTc3tzKoMDZPSTI1NzI3Sba0NAGKe4mUJeakKuQmliRnJCqoKSTnp6WlpgIAJXwV2Q&q=vale+matcha+%26+coffee&rlz=1C5CHFA_enUS1120US1121&oq=Vale+Matcha+%26+Coffee&gs_lcrp=EgZjaHJvbWUqEggBEC4YExivARjHARiABBiOBTIOCAAQRRgTGDkY4wIYgAQyEggBEC4YExivARjHARiABBiOBTIJCAIQABgTGIAEMgkIAxAAGBMYgAQyCggEEAAYExgWGB4yCggFEAAYExgWGB4yCggGEAAYExgWGB4yCggHEAAYExgWGB4yCggIEAAYExgWGB4yCggJEAAYExgWGB7SAQgzMDAzajBqNKgCA7ACAfEFRfLB-oQFhyo&sourceid=chrome&source=chrome.ob&ie=UTF-8#lpg=cid:CgIYIQ%3D%3D,ik:CAoSHENJQUJJaEJuTmh5UVJnenkyZFQtOUJZUGNOZFI%3D",2026-08-31,False,Human-verified against official menu,Reviewed,8.0,True,True,True,False,1,1
ITM051,SEA016,Maple Cardamom Matcha Latte,Matcha Latte,Maple,False,True,Medium,8.0,8.0,Oat,,Google Maps Menu,"https://www.google.com/search?gs_ssp=eJzj4tVP1zc0LM9IK08yM6gwYLRSNagwNbE0MDQ1SzRPTjM3NTc3tzKoMDZPSTI1NzI3Sba0NAGKe4mUJeakKuQmliRnJCqoKSTnp6WlpgIAJXwV2Q&q=vale+matcha+%26+coffee&rlz=1C5CHFA_enUS1120US1121&oq=Vale+Matcha+%26+Coffee&gs_lcrp=EgZjaHJvbWUqEggBEC4YExivARjHARiABBiOBTIOCAAQRRgTGDkY4wIYgAQyEggBEC4YExivARjHARiABBiOBTIJCAIQABgTGIAEMgkIAxAAGBMYgAQyCggEEAAYExgWGB4yCggFEAAYExgWGB4yCggGEAAYExgWGB4yCggHEAAYExgWGB4yCggIEAAYExgWGB4yCggJEAAYExgWGB7SAQgzMDAzajBqNKgCA7ACAfEFRfLB-oQFhyo&sourceid=chrome&source=chrome.ob&ie=UTF-8#lpg=cid:CgIYIQ%3D%3D,ik:CAoSHENJQUJJaEJuTmh5UVJnenkyZFQtOUJZUGNOZFI%3D",2026-08-31,False,Human-verified against official menu,Reviewed,8.0,True,True,True,False,1,1
ITM052,SEA016,Albion Strawberry Matcha Latte,Matcha Latte,Strawberry,False,True,Medium,8.5,8.5,Oat,,Google Maps Menu,"https://www.google.com/search?gs_ssp=eJzj4tVP1zc0LM9IK08yM6gwYLRSNagwNbE0MDQ1SzRPTjM3NTc3tzKoMDZPSTI1NzI3Sba0NAGKe4mUJeakKuQmliRnJCqoKSTnp6WlpgIAJXwV2Q&q=vale+matcha+%26+coffee&rlz=1C5CHFA_enUS1120US1121&oq=Vale+Matcha+%26+Coffee&gs_lcrp=EgZjaHJvbWUqEggBEC4YExivARjHARiABBiOBTIOCAAQRRgTGDkY4wIYgAQyEggBEC4YExivARjHARiABBiOBTIJCAIQABgTGIAEMgkIAxAAGBMYgAQyCggEEAAYExgWGB4yCggFEAAYExgWGB4yCggGEAAYExgWGB4yCggHEAAYExgWGB4yCggIEAAYExgWGB4yCggJEAAYExgWGB7SAQgzMDAzajBqNKgCA7ACAfEFRfLB-oQFhyo&sourceid=chrome&source=chrome.ob&ie=UTF-8#lpg=cid:CgIYIQ%3D%3D,ik:CAoSHENJQUJJaEJuTmh5UVJnenkyZFQtOUJZUGNOZFI%3D",2026-08-31,False,Human-verified against official menu,Reviewed,8.5,True,True,True,False,1,1
SEA017-AI-001,SEA017,Vanilla Matcha,Matcha Latte,Vanilla,False,True,,7.0,7.0,Oat; Almond; Soy,Sugimoto,Official Order App,https://www.toasttab.com/local/order/elixir-cafe-4524-university-way-ne/item-cardamom-rose-matcha_51c5b3ca-5b51-484e-bc8d-7e62a4d6692c,2026-08-29,False,Vanilla Matcha ‚Äî house-made vanilla syrup with Sugimoto Matcha ‚Äî $7.00,Reviewed,7.0,True,True,True,True,3,0
SEA017-AI-002,SEA017,Strawberry Matcha,Matcha Latte,Strawberry,False,True,,8.0,8.0,Oat; Almond; Soy,Sugimoto,Official Order App,https://www.toasttab.com/local/order/elixir-cafe-4524-university-way-ne/item-cardamom-rose-matcha_51c5b3ca-5b51-484e-bc8d-7e62a4d6692c,2026-08-29,False,"Strawberry Matcha ‚Äî local strawberries, house-made simple syrup, Sugimoto Matcha ‚Äî $8.00",Reviewed,8.0,True,True,True,True,3,0
SEA017-AI-003,SEA017,Cardamom Rose Matcha,Matcha Latte,Cardamom; Rose,False,True,,7.0,7.0,Oat; Almond; Soy,Sugimoto,Official Order App,https://www.toasttab.com/local/order/elixir-cafe-4524-university-way-ne/item-cardamom-rose-matcha_51c5b3ca-5b51-484e-bc8d-7e62a4d6692c,2026-08-29,False,Cardamom Rose Matcha ‚Äî house-made cardamom and rose syrup with Sugimoto Matcha ‚Äî $7.00,Reviewed,7.0,True,True,True,True,3,0
SEA017-AI-004,SEA017,Mad Tea Party,Matcha Dessert,Original,False,False,,12.0,12.0,,,Official Order App,https://www.toasttab.com/local/order/elixir-cafe-4524-university-way-ne/item-cardamom-rose-matcha_51c5b3ca-5b51-484e-bc8d-7e62a4d6692c,2026-08-29,False,"Mad Tea Party ‚Äî matcha cake, London Fog ice cream, lavender shortbread crumbles, cucumber dill gel, raspberry yuzu sauce ‚Äî $12.00",Reviewed,12.0,True,True,False,False,0,0
SEA017-AI-005,SEA017,Matcha Strawberry Parfait,Matcha Dessert,Strawberry,False,False,,11.5,11.5,,,Official Order App,https://www.toasttab.com/local/order/elixir-cafe-4524-university-way-ne/item-cardamom-rose-matcha_51c5b3ca-5b51-484e-bc8d-7e62a4d6692c,2026-08-29,False,"Matcha Strawberry Parfait ‚Äî matcha ice cream, strawberry compote, lavender shortbread crumble, whipped cream ‚Äî $11.50",Reviewed,11.5,True,True,True,False,0,0
ITM053,SEA018,Matcha,Matcha,Original,False,True,,6.5,6.5,,Ceremonial,Google Maps Menu,https://www.google.com/search?q=Jin+Jin+Matcha&rlz=1C5CHFA_enUS1120US1121&oq=Jin+Jin+Matcha&gs_lcrp=EgZjaHJvbWUyBggAEEUYOTISCAEQLhgTGK8BGMcBGIAEGI4FMg8IAhAuGBMYrwEYxwEYgAQyCQgDEAAYExiABDIJCAQQABgTGIAEMgkIBRAAGBMYgAQyCQgGEAAYExiABDIJCAcQABgTGIAEMgkICBAAGBMYgAQyCQgJEAAYExiABNIBBzM5MGowajSoAgCwAgE&sourceid=chrome&source=chrome.ob&ie=UTF-8#sv=CAESzQEKuQEStgEKd0FKaVQ0dEplTDZ1WFJfby1ZXy1RbUM1bVhJbW1hdWd4UFNrcUlnbXVWTHFoTERTUXJja3Y3c2VKcEIyN1h1ZWt5a3g4RmRWRnllcTU1YTNDUklvSUpmOVBsdlpUZnBGZUxLbW1HQnVGU0N4Nnl2TjAtdUtxVjZnEhdTdkNWYXV6WklvaWYwUEVQcjdDdTRRVRoiQURzcjlmUlNWcWN0NGtGVG5xVjZXdTZ0cVlGLURwUmZQdxIEODA3NhoBMyoAMAA4AUAAGAAgwYHy1QhKAhAC,2026-08-31,False,Human-verified against official menu,Reviewed,6.5,True,True,False,True,0,0
ITM054,SEA018,Matcha Latte,Matcha Latte,Original,False,True,,7.5,7.5,Whole; Oat; Almond,Ceremonial,Google Maps Menu,https://www.google.com/search?q=Jin+Jin+Matcha&rlz=1C5CHFA_enUS1120US1121&oq=Jin+Jin+Matcha&gs_lcrp=EgZjaHJvbWUyBggAEEUYOTISCAEQLhgTGK8BGMcBGIAEGI4FMg8IAhAuGBMYrwEYxwEYgAQyCQgDEAAYExiABDIJCAQQABgTGIAEMgkIBRAAGBMYgAQyCQgGEAAYExiABDIJCAcQABgTGIAEMgkICBAAGBMYgAQyCQgJEAAYExiABNIBBzM5MGowajSoAgCwAgE&sourceid=chrome&source=chrome.ob&ie=UTF-8#sv=CAESzQEKuQEStgEKd0FKaVQ0dEplTDZ1WFJfby1ZXy1RbUM1bVhJbW1hdWd4UFNrcUlnbXVWTHFoTERTUXJja3Y3c2VKcEIyN1h1ZWt5a3g4RmRWRnllcTU1YTNDUklvSUpmOVBsdlpUZnBGZUxLbW1HQnVGU0N4Nnl2TjAtdUtxVjZnEhdTdkNWYXV6WklvaWYwUEVQcjdDdTRRVRoiQURzcjlmUlNWcWN0NGtGVG5xVjZXdTZ0cVlGLURwUmZQdxIEODA3NhoBMyoAMAA4AUAAGAAgwYHy1QhKAhAC,2026-08-31,False,Human-verified against official menu,Reviewed,7.5,True,True,False,True,3,0
ITM055,SEA018,Banana Matcha,Matcha Latte,Banana,False,True,,8.0,8.0,Whole; Oat; Almond,Ceremonial,Google Maps Menu,https://www.google.com/search?q=Jin+Jin+Matcha&rlz=1C5CHFA_enUS1120US1121&oq=Jin+Jin+Matcha&gs_lcrp=EgZjaHJvbWUyBggAEEUYOTISCAEQLhgTGK8BGMcBGIAEGI4FMg8IAhAuGBMYrwEYxwEYgAQyCQgDEAAYExiABDIJCAQQABgTGIAEMgkIBRAAGBMYgAQyCQgGEAAYExiABDIJCAcQABgTGIAEMgkICBAAGBMYgAQyCQgJEAAYExiABNIBBzM5MGowajSoAgCwAgE&sourceid=chrome&source=chrome.ob&ie=UTF-8#sv=CAESzQEKuQEStgEKd0FKaVQ0dEplTDZ1WFJfby1ZXy1RbUM1bVhJbW1hdWd4UFNrcUlnbXVWTHFoTERTUXJja3Y3c2VKcEIyN1h1ZWt5a3g4RmRWRnllcTU1YTNDUklvSUpmOVBsdlpUZnBGZUxLbW1HQnVGU0N4Nnl2TjAtdUtxVjZnEhdTdkNWYXV6WklvaWYwUEVQcjdDdTRRVRoiQURzcjlmUlNWcWN0NGtGVG5xVjZXdTZ0cVlGLURwUmZQdxIEODA3NhoBMyoAMAA4AUAAGAAgwYHy1QhKAhAC,2026-08-31,False,Human-verified against official menu,Reviewed,8.0,True,True,True,True,3,0
ITM056,SEA018,Black Sesame Matcha,Matcha Latte,Black Sesame,False,True,,8.0,8.0,Whole; Oat; Almond,Ceremonial,Google Maps Menu,https://www.google.com/search?q=Jin+Jin+Matcha&rlz=1C5CHFA_enUS1120US1121&oq=Jin+Jin+Matcha&gs_lcrp=EgZjaHJvbWUyBggAEEUYOTISCAEQLhgTGK8BGMcBGIAEGI4FMg8IAhAuGBMYrwEYxwEYgAQyCQgDEAAYExiABDIJCAQQABgTGIAEMgkIBRAAGBMYgAQyCQgGEAAYExiABDIJCAcQABgTGIAEMgkICBAAGBMYgAQyCQgJEAAYExiABNIBBzM5MGowajSoAgCwAgE&sourceid=chrome&source=chrome.ob&ie=UTF-8#sv=CAESzQEKuQEStgEKd0FKaVQ0dEplTDZ1WFJfby1ZXy1RbUM1bVhJbW1hdWd4UFNrcUlnbXVWTHFoTERTUXJja3Y3c2VKcEIyN1h1ZWt5a3g4RmRWRnllcTU1YTNDUklvSUpmOVBsdlpUZnBGZUxLbW1HQnVGU0N4Nnl2TjAtdUtxVjZnEhdTdkNWYXV6WklvaWYwUEVQcjdDdTRRVRoiQURzcjlmUlNWcWN0NGtGVG5xVjZXdTZ0cVlGLURwUmZQdxIEODA3NhoBMyoAMAA4AUAAGAAgwYHy1QhKAhAC,2026-08-31,False,Human-verified against official menu,Reviewed,8.0,True,True,True,True,3,0
ITM057,SEA018,Blueberry Matcha,Matcha Latte,Blueberry,False,True,,8.0,8.0,Whole; Oat; Almond,Ceremonial,Google Maps Menu,https://www.google.com/search?q=Jin+Jin+Matcha&rlz=1C5CHFA_enUS1120US1121&oq=Jin+Jin+Matcha&gs_lcrp=EgZjaHJvbWUyBggAEEUYOTISCAEQLhgTGK8BGMcBGIAEGI4FMg8IAhAuGBMYrwEYxwEYgAQyCQgDEAAYExiABDIJCAQQABgTGIAEMgkIBRAAGBMYgAQyCQgGEAAYExiABDIJCAcQABgTGIAEMgkICBAAGBMYgAQyCQgJEAAYExiABNIBBzM5MGowajSoAgCwAgE&sourceid=chrome&source=chrome.ob&ie=UTF-8#sv=CAESzQEKuQEStgEKd0FKaVQ0dEplTDZ1WFJfby1ZXy1RbUM1bVhJbW1hdWd4UFNrcUlnbXVWTHFoTERTUXJja3Y3c2VKcEIyN1h1ZWt5a3g4RmRWRnllcTU1YTNDUklvSUpmOVBsdlpUZnBGZUxLbW1HQnVGU0N4Nnl2TjAtdUtxVjZnEhdTdkNWYXV6WklvaWYwUEVQcjdDdTRRVRoiQURzcjlmUlNWcWN0NGtGVG5xVjZXdTZ0cVlGLURwUmZQdxIEODA3NhoBMyoAMAA4AUAAGAAgwYHy1QhKAhAC,2026-08-31,False,Human-verified against official menu,Reviewed,8.0,True,True,True,True,3,0
ITM058,SEA018,Hot Girl Matcha,Matcha Latte,Vanilla,False,True,,8.5,8.5,Whole; Oat; Almond,Ceremonial,Google Maps Menu,https://www.google.com/search?q=Jin+Jin+Matcha&rlz=1C5CHFA_enUS1120US1121&oq=Jin+Jin+Matcha&gs_lcrp=EgZjaHJvbWUyBggAEEUYOTISCAEQLhgTGK8BGMcBGIAEGI4FMg8IAhAuGBMYrwEYxwEYgAQyCQgDEAAYExiABDIJCAQQABgTGIAEMgkIBRAAGBMYgAQyCQgGEAAYExiABDIJCAcQABgTGIAEMgkICBAAGBMYgAQyCQgJEAAYExiABNIBBzM5MGowajSoAgCwAgE&sourceid=chrome&source=chrome.ob&ie=UTF-8#sv=CAESzQEKuQEStgEKd0FKaVQ0dEplTDZ1WFJfby1ZXy1RbUM1bVhJbW1hdWd4UFNrcUlnbXVWTHFoTERTUXJja3Y3c2VKcEIyN1h1ZWt5a3g4RmRWRnllcTU1YTNDUklvSUpmOVBsdlpUZnBGZUxLbW1HQnVGU0N4Nnl2TjAtdUtxVjZnEhdTdkNWYXV6WklvaWYwUEVQcjdDdTRRVRoiQURzcjlmUlNWcWN0NGtGVG5xVjZXdTZ0cVlGLURwUmZQdxIEODA3NhoBMyoAMAA4AUAAGAAgwYHy1QhKAhAC,2026-08-31,False,Human-verified against official menu,Reviewed,8.5,True,True,True,True,3,0
ITM059,SEA018,Hunmee's Way Matcha,Matcha Latte,Original,False,True,,8.0,8.0,Whole; Oat; Almond,Ceremonial,Google Maps Menu,https://www.google.com/search?q=Jin+Jin+Matcha&rlz=1C5CHFA_enUS1120US1121&oq=Jin+Jin+Matcha&gs_lcrp=EgZjaHJvbWUyBggAEEUYOTISCAEQLhgTGK8BGMcBGIAEGI4FMg8IAhAuGBMYrwEYxwEYgAQyCQgDEAAYExiABDIJCAQQABgTGIAEMgkIBRAAGBMYgAQyCQgGEAAYExiABDIJCAcQABgTGIAEMgkICBAAGBMYgAQyCQgJEAAYExiABNIBBzM5MGowajSoAgCwAgE&sourceid=chrome&source=chrome.ob&ie=UTF-8#sv=CAESzQEKuQEStgEKd0FKaVQ0dEplTDZ1WFJfby1ZXy1RbUM1bVhJbW1hdWd4UFNrcUlnbXVWTHFoTERTUXJja3Y3c2VKcEIyN1h1ZWt5a3g4RmRWRnllcTU1YTNDUklvSUpmOVBsdlpUZnBGZUxLbW1HQnVGU0N4Nnl2TjAtdUtxVjZnEhdTdkNWYXV6WklvaWYwUEVQcjdDdTRRVRoiQURzcjlmUlNWcWN0NGtGVG5xVjZXdTZ0cVlGLURwUmZQdxIEODA3NhoBMyoAMAA4AUAAGAAgwYHy1QhKAhAC,2026-08-31,False,Human-verified against official menu,Reviewed,8.0,True,True,False,True,3,0
ITM060,SEA018,Lavender Matcha,Matcha Latte,Lavender,False,True,,8.0,8.0,Whole; Oat; Almond,Ceremonial,Google Maps Menu,https://www.google.com/search?q=Jin+Jin+Matcha&rlz=1C5CHFA_enUS1120US1121&oq=Jin+Jin+Matcha&gs_lcrp=EgZjaHJvbWUyBggAEEUYOTISCAEQLhgTGK8BGMcBGIAEGI4FMg8IAhAuGBMYrwEYxwEYgAQyCQgDEAAYExiABDIJCAQQABgTGIAEMgkIBRAAGBMYgAQyCQgGEAAYExiABDIJCAcQABgTGIAEMgkICBAAGBMYgAQyCQgJEAAYExiABNIBBzM5MGowajSoAgCwAgE&sourceid=chrome&source=chrome.ob&ie=UTF-8#sv=CAESzQEKuQEStgEKd0FKaVQ0dEplTDZ1WFJfby1ZXy1RbUM1bVhJbW1hdWd4UFNrcUlnbXVWTHFoTERTUXJja3Y3c2VKcEIyN1h1ZWt5a3g4RmRWRnllcTU1YTNDUklvSUpmOVBsdlpUZnBGZUxLbW1HQnVGU0N4Nnl2TjAtdUtxVjZnEhdTdkNWYXV6WklvaWYwUEVQcjdDdTRRVRoiQURzcjlmUlNWcWN0NGtGVG5xVjZXdTZ0cVlGLURwUmZQdxIEODA3NhoBMyoAMAA4AUAAGAAgwYHy1QhKAhAC,2026-08-31,False,Human-verified against official menu,Reviewed,8.0,True,True,True,True,3,0
ITM061,SEA018,Matcha Einspanner,Matcha Latte,Original,False,True,,8.0,8.0,Whole; Oat; Almond,Ceremonial,Google Maps Menu,https://www.google.com/search?q=Jin+Jin+Matcha&rlz=1C5CHFA_enUS1120US1121&oq=Jin+Jin+Matcha&gs_lcrp=EgZjaHJvbWUyBggAEEUYOTISCAEQLhgTGK8BGMcBGIAEGI4FMg8IAhAuGBMYrwEYxwEYgAQyCQgDEAAYExiABDIJCAQQABgTGIAEMgkIBRAAGBMYgAQyCQgGEAAYExiABDIJCAcQABgTGIAEMgkICBAAGBMYgAQyCQgJEAAYExiABNIBBzM5MGowajSoAgCwAgE&sourceid=chrome&source=chrome.ob&ie=UTF-8#sv=CAESzQEKuQEStgEKd0FKaVQ0dEplTDZ1WFJfby1ZXy1RbUM1bVhJbW1hdWd4UFNrcUlnbXVWTHFoTERTUXJja3Y3c2VKcEIyN1h1ZWt5a3g4RmRWRnllcTU1YTNDUklvSUpmOVBsdlpUZnBGZUxLbW1HQnVGU0N4Nnl2TjAtdUtxVjZnEhdTdkNWYXV6WklvaWYwUEVQcjdDdTRRVRoiQURzcjlmUlNWcWN0NGtGVG5xVjZXdTZ0cVlGLURwUmZQdxIEODA3NhoBMyoAMAA4AUAAGAAgwYHy1QhKAhAC,2026-08-31,False,Human-verified against official menu,Reviewed,8.0,True,True,False,True,3,0
ITM062,SEA018,Misugaru,Matcha,Black Sesame,False,True,,8.0,8.0,Whole; Oat; Almond,Ceremonial,Google Maps Menu,https://www.google.com/search?q=Jin+Jin+Matcha&rlz=1C5CHFA_enUS1120US1121&oq=Jin+Jin+Matcha&gs_lcrp=EgZjaHJvbWUyBggAEEUYOTISCAEQLhgTGK8BGMcBGIAEGI4FMg8IAhAuGBMYrwEYxwEYgAQyCQgDEAAYExiABDIJCAQQABgTGIAEMgkIBRAAGBMYgAQyCQgGEAAYExiABDIJCAcQABgTGIAEMgkICBAAGBMYgAQyCQgJEAAYExiABNIBBzM5MGowajSoAgCwAgE&sourceid=chrome&source=chrome.ob&ie=UTF-8#sv=CAESzQEKuQEStgEKd0FKaVQ0dEplTDZ1WFJfby1ZXy1RbUM1bVhJbW1hdWd4UFNrcUlnbXVWTHFoTERTUXJja3Y3c2VKcEIyN1h1ZWt5a3g4RmRWRnllcTU1YTNDUklvSUpmOVBsdlpUZnBGZUxLbW1HQnVGU0N4Nnl2TjAtdUtxVjZnEhdTdkNWYXV6WklvaWYwUEVQcjdDdTRRVRoiQURzcjlmUlNWcWN0NGtGVG5xVjZXdTZ0cVlGLURwUmZQdxIEODA3NhoBMyoAMAA4AUAAGAAgwYHy1QhKAhAC,2026-08-31,False,Human-verified against official menu,Reviewed,8.0,True,True,True,True,3,0
ITM063,SEA018,Pistachio Matcha,Matcha Smoothie,Pistachio,False,True,,8.0,8.0,Whole; Oat; Almond,Ceremonial,Google Maps Menu,https://www.google.com/search?q=Jin+Jin+Matcha&rlz=1C5CHFA_enUS1120US1121&oq=Jin+Jin+Matcha&gs_lcrp=EgZjaHJvbWUyBggAEEUYOTISCAEQLhgTGK8BGMcBGIAEGI4FMg8IAhAuGBMYrwEYxwEYgAQyCQgDEAAYExiABDIJCAQQABgTGIAEMgkIBRAAGBMYgAQyCQgGEAAYExiABDIJCAcQABgTGIAEMgkICBAAGBMYgAQyCQgJEAAYExiABNIBBzM5MGowajSoAgCwAgE&sourceid=chrome&source=chrome.ob&ie=UTF-8#sv=CAESzQEKuQEStgEKd0FKaVQ0dEplTDZ1WFJfby1ZXy1RbUM1bVhJbW1hdWd4UFNrcUlnbXVWTHFoTERTUXJja3Y3c2VKcEIyN1h1ZWt5a3g4RmRWRnllcTU1YTNDUklvSUpmOVBsdlpUZnBGZUxLbW1HQnVGU0N4Nnl2TjAtdUtxVjZnEhdTdkNWYXV6WklvaWYwUEVQcjdDdTRRVRoiQURzcjlmUlNWcWN0NGtGVG5xVjZXdTZ0cVlGLURwUmZQdxIEODA3NhoBMyoAMAA4AUAAGAAgwYHy1QhKAhAC,2026-08-31,False,Human-verified against official menu,Reviewed,8.0,True,True,True,True,3,0
ITM064,SEA018,Strawberry Matcha,Matcha Latte,Strawberry,False,True,,8.0,8.0,Whole; Oat; Almond,Ceremonial,Google Maps Menu,https://www.google.com/search?q=Jin+Jin+Matcha&rlz=1C5CHFA_enUS1120US1121&oq=Jin+Jin+Matcha&gs_lcrp=EgZjaHJvbWUyBggAEEUYOTISCAEQLhgTGK8BGMcBGIAEGI4FMg8IAhAuGBMYrwEYxwEYgAQyCQgDEAAYExiABDIJCAQQABgTGIAEMgkIBRAAGBMYgAQyCQgGEAAYExiABDIJCAcQABgTGIAEMgkICBAAGBMYgAQyCQgJEAAYExiABNIBBzM5MGowajSoAgCwAgE&sourceid=chrome&source=chrome.ob&ie=UTF-8#sv=CAESzQEKuQEStgEKd0FKaVQ0dEplTDZ1WFJfby1ZXy1RbUM1bVhJbW1hdWd4UFNrcUlnbXVWTHFoTERTUXJja3Y3c2VKcEIyN1h1ZWt5a3g4RmRWRnllcTU1YTNDUklvSUpmOVBsdlpUZnBGZUxLbW1HQnVGU0N4Nnl2TjAtdUtxVjZnEhdTdkNWYXV6WklvaWYwUEVQcjdDdTRRVRoiQURzcjlmUlNWcWN0NGtGVG5xVjZXdTZ0cVlGLURwUmZQdxIEODA3NhoBMyoAMAA4AUAAGAAgwYHy1QhKAhAC,2026-08-31,False,Human-verified against official menu,Reviewed,8.0,True,True,True,True,3,0
ITM065,SEA018,Vanilla Dream,Matcha Smoothie,Vanilla,False,True,,8.0,8.0,Whole; Oat; Almond,Ceremonial,Google Maps Menu,https://www.google.com/search?q=Jin+Jin+Matcha&rlz=1C5CHFA_enUS1120US1121&oq=Jin+Jin+Matcha&gs_lcrp=EgZjaHJvbWUyBggAEEUYOTISCAEQLhgTGK8BGMcBGIAEGI4FMg8IAhAuGBMYrwEYxwEYgAQyCQgDEAAYExiABDIJCAQQABgTGIAEMgkIBRAAGBMYgAQyCQgGEAAYExiABDIJCAcQABgTGIAEMgkICBAAGBMYgAQyCQgJEAAYExiABNIBBzM5MGowajSoAgCwAgE&sourceid=chrome&source=chrome.ob&ie=UTF-8#sv=CAESzQEKuQEStgEKd0FKaVQ0dEplTDZ1WFJfby1ZXy1RbUM1bVhJbW1hdWd4UFNrcUlnbXVWTHFoTERTUXJja3Y3c2VKcEIyN1h1ZWt5a3g4RmRWRnllcTU1YTNDUklvSUpmOVBsdlpUZnBGZUxLbW1HQnVGU0N4Nnl2TjAtdUtxVjZnEhdTdkNWYXV6WklvaWYwUEVQcjdDdTRRVRoiQURzcjlmUlNWcWN0NGtGVG5xVjZXdTZ0cVlGLURwUmZQdxIEODA3NhoBMyoAMAA4AUAAGAAgwYHy1QhKAhAC,2026-08-31,False,Human-verified against official menu,Reviewed,8.0,True,True,True,True,3,0
ITM066,SEA018,Sparkling Matcha,Matcha Soda,Original,False,True,,8.0,8.0,Whole; Oat; Almond,Ceremonial,Google Maps Menu,https://www.google.com/search?q=Jin+Jin+Matcha&rlz=1C5CHFA_enUS1120US1121&oq=Jin+Jin+Matcha&gs_lcrp=EgZjaHJvbWUyBggAEEUYOTISCAEQLhgTGK8BGMcBGIAEGI4FMg8IAhAuGBMYrwEYxwEYgAQyCQgDEAAYExiABDIJCAQQABgTGIAEMgkIBRAAGBMYgAQyCQgGEAAYExiABDIJCAcQABgTGIAEMgkICBAAGBMYgAQyCQgJEAAYExiABNIBBzM5MGowajSoAgCwAgE&sourceid=chrome&source=chrome.ob&ie=UTF-8#sv=CAESzQEKuQEStgEKd0FKaVQ0dEplTDZ1WFJfby1ZXy1RbUM1bVhJbW1hdWd4UFNrcUlnbXVWTHFoTERTUXJja3Y3c2VKcEIyN1h1ZWt5a3g4RmRWRnllcTU1YTNDUklvSUpmOVBsdlpUZnBGZUxLbW1HQnVGU0N4Nnl2TjAtdUtxVjZnEhdTdkNWYXV6WklvaWYwUEVQcjdDdTRRVRoiQURzcjlmUlNWcWN0NGtGVG5xVjZXdTZ0cVlGLURwUmZQdxIEODA3NhoBMyoAMAA4AUAAGAAgwYHy1QhKAhAC,2026-08-31,False,Human-verified against official menu,Reviewed,8.0,True,True,False,True,3,0
ITM067,SEA019,Ceremonial Matcha Latte,Matcha Latte,Original,True,True,12 oz,8.5,8.5,Soy; Almond; Unsweetened Almond; Oat; Coconut,Homare; Yamabuki,Official Website,https://mirotea.com/pages/cafe,2026-08-31,False,Human-validated pilot menu record,Reviewed,8.5,True,True,False,True,5,1
SEA019-AI-001,SEA019,All Nighter,Matcha Latte,Espresso,False,True,,8.25,8.25,Soy; Almond; Unsweetened Almond; Oat; Coconut,,Official Website,https://mirotea.com/pages/cafe,2026-08-29,False,sweetened matcha and double espresso layered with milk ‚Äî $6.50,Reviewed,8.25,True,True,True,False,5,0
SEA019-AI-002,SEA019,Matcha Soda,Matcha Soda,Yuzu,False,True,,7.0,7.0,,,Official Website,https://mirotea.com/pages/cafe,2026-08-29,False,sweetened matcha with yuzu juice and sparkling water ‚Äî $6.00,Reviewed,7.0,True,True,True,False,0,0
SEA019-AI-003,SEA019,Organic Matcha Latte,Matcha Latte,Original,True,True,16 oz,7.5,7.5,Soy; Almond; Unsweetened Almond; Oat; Coconut,Uji,Official Website,https://mirotea.com/pages/cafe,2026-08-29,False,Japanese matcha with steamed milk ‚Äî $6.25,Reviewed,7.5,True,True,False,True,5,1
SEA019-AI-004,SEA019,Ginger Matcha,Matcha Latte,Ginger,True,True,16 oz,7.5,7.5,Soy; Almond; Unsweetened Almond; Oat; Coconut,Uji,Official Website,https://mirotea.com/pages/cafe,2026-08-29,False,"organic ginger and ceremonial matcha, steamed milk; also available whisked without steamed milk ‚Äî $6.50",Reviewed,7.5,True,True,True,True,5,1
SEA019-AI-005,SEA019,Organic Matcha,Matcha,Original,False,True,16 oz,6.25,6.25,,Uji,Official Website,https://mirotea.com/pages/cafe,2026-08-29,False,"Organic Matcha ‚Äî origin Shizuoka, Japan ‚Äî $5.50",Reviewed,6.25,True,True,False,True,0,1
SEA019-AI-006,SEA019,Ceremonial Homare,Matcha,Original,False,True,,7.5,7.5,,Homare,Official Website,https://mirotea.com/pages/cafe,2026-08-29,False,"Ceremonial Homare ‚Äî origin Uji, Japan ‚Äî $6.00",Reviewed,7.5,True,True,False,True,0,0
SEA019-AI-007,SEA019,Ceremonial Yamabuki,Matcha,Original,False,True,,7.5,7.5,,Yamabuki,Official Website,https://mirotea.com/pages/cafe,2026-08-29,False,"Ceremonial Yamabuki ‚Äî origin Uji, Japan ‚Äî $6.00",Reviewed,7.5,True,True,False,True,0,0
SEA020-AI-001,SEA020,Tra Matcha Dua,Matcha,Pandan,False,True,,8.25,8.25,,Ceremonial,Official Website,https://www.helloem.coffee/,2026-08-29,False,"Tra Matcha Dua ‚Äî whipped ceremonial matcha, cream, pandan with coconut water ‚Äî cold only ‚Äî $8.25",Reviewed,8.25,True,True,True,True,0,0
SEA020-AI-002,SEA020,Tra Matcha Latte,Matcha Latte,Original,True,True,12 oz,7.5,7.5,Coconut; Oat; Soy,Ceremonial,Official Website,https://www.helloem.coffee/,2026-08-29,False,Tra Matcha Latte ‚Äî ceremonial matcha with your choice of milk ‚Äî 12 oz hot or cold ‚Äî $7.50,Reviewed,7.5,True,True,False,True,3,1
SEA021-AI-001,SEA021,Kyoto Uji Matcha Latte,Matcha Latte,Original,True,True,20 oz,6.5,6.5,,Uji,Owner-posted Menu,https://www.ohbearcafe.com/,2026-08-29,False,Kyoto Uji Matcha Latte ‚Äî new ‚Äî large 709 ml ‚Äî $6.50,Reviewed,6.5,True,True,False,True,0,1
SEA021-AI-002,SEA021,Matcha Red Bean Crepe,Matcha Dessert,Red bean,False,False,,10.5,10.5,,,Owner-posted Menu,https://www.ohbearcafe.com/,2026-08-29,False,"Matcha Red Bean Crepe ‚Äî matcha custard, whipped cream, red bean, corn flakes, almonds, strawberry, matcha ice cream, chocolate pocky sticks ‚Äî $10.50",Reviewed,10.5,True,True,True,False,0,0
SEA022-AI-001,SEA022,Matcha Americano,Matcha,Original,True,True,,3.5,3.5,,Ceremonial; Shizuoka,Current Menu Listing,https://www.atulea.com/,2026-08-29,False,organic ceremonial-grade matcha and water; iced and no sugar by default ‚Äî $3.50,Reviewed,3.5,True,True,False,True,0,0
SEA022-AI-002,SEA022,Matcha Latte,Matcha Latte,Original,True,True,,4.5,4.5,,Ceremonial; Shizuoka,Current Menu Listing,https://www.atulea.com/,2026-08-29,False,organic ceremonial-grade matcha and milk; iced and no sugar by default ‚Äî $4.50,Reviewed,4.5,True,True,False,True,0,0
SEA022-AI-003,SEA022,Matcha White Mocha,Matcha Latte,White Chocolate,True,True,,4.75,4.75,,Ceremonial; Shizuoka,Current Menu Listing,https://www.atulea.com/,2026-08-29,False,"organic ceremonial-grade matcha, milk, white chocolate; iced by default ‚Äî $4.75",Reviewed,4.75,True,True,True,True,0,0
SEA022-AI-004,SEA022,Turmeric Matcha Latte,Matcha Latte,Turmeric,True,True,,4.75,4.75,,Ceremonial; Shizuoka,Current Menu Listing,https://www.atulea.com/,2026-08-29,False,"organic ceremonial-grade matcha, milk, turmeric; iced and no sugar by default ‚Äî $4.75",Reviewed,4.75,True,True,True,True,0,0
SEA022-AI-005,SEA022,Matcha Mocha,Matcha Latte,Dark Chocolate,True,True,,4.75,4.75,,,Current Menu Listing,https://www.atulea.com/,2026-08-29,False,"matcha, milk, dark chocolate ‚Äî $4.75",Reviewed,4.75,True,True,True,False,0,0
SEA022-AI-006,SEA022,Pineapple Matcha Latte,Matcha Latte,Pineapple,False,True,,5.5,5.5,,Ceremonial; Shizuoka,Current Menu Listing,https://www.atulea.com/,2026-08-29,False,"organic ceremonial-grade matcha, milk, pineapple puree; iced only ‚Äî $5.50",Reviewed,5.5,True,True,True,True,0,0
SEA022-AI-007,SEA022,Dirty Matcha,Matcha Latte,Espresso,True,True,,5.25,5.25,,Ceremonial; Shizuoka,Current Menu Listing,https://www.atulea.com/,2026-08-29,False,"espresso, organic ceremonial-grade matcha, milk; iced and no sugar by default ‚Äî $5.25",Reviewed,5.25,True,True,True,True,0,0
SEA022-AI-008,SEA022,Butterfly Matcha,Matcha Latte,Butterfly Pea,False,True,,5.25,5.25,,,Current Menu Listing,https://www.atulea.com/,2026-08-29,False,"matcha, milk, minty butterfly pea flower tea; iced only ‚Äî $5.25",Reviewed,5.25,True,True,True,False,0,0
SEA022-AI-009,SEA022,Ube Matcha,Matcha Latte,Ube,True,True,,5.5,5.5,,,Current Menu Listing,https://www.atulea.com/,2026-08-29,False,"matcha, milk, house-made ube halaya ‚Äî $5.50",Reviewed,5.5,True,True,True,False,0,0
SEA022-AI-010,SEA022,Matcha Rose Lemonade,Matcha Soda,Rose Lemonade,False,True,,5.5,5.5,,,Current Menu Listing,https://www.atulea.com/,2026-08-29,False,matcha with sparkling rose lemonade; iced only ‚Äî $5.50,Reviewed,5.5,True,True,True,False,0,0
ITM068,SEA023,Banana Pudding Matcha Latte,Matcha Latte,Banana,False,True,,9.5,9.5,,Ceremonial,Owner-posted Menu,https://cochevalleydessertcafecap.square.site/menu,2026-08-31,False,Human-verified against official menu,Reviewed,9.5,True,True,True,True,0,0
ITM069,SEA023,Matcha Einspanner,Matcha,Original,False,True,,7.5,7.5,,Ceremonial,Owner-posted Menu,https://cochevalleydessertcafecap.square.site/menu,2026-08-31,False,Human-verified against official menu,Reviewed,7.5,True,True,False,True,0,0
SEA023-AI-001,SEA023,Matcha Latte,Matcha Latte,Original,True,True,,5.95,5.95,,Ceremonial,Owner-posted Menu,https://cochevalleydessertcafecap.square.site/menu,2026-08-29,False,Matcha Latte ‚Äî ceremonial matcha from Japan ‚Äî $6.50,Reviewed,5.95,True,True,False,True,0,0
SEA023-AI-002,SEA023,Strawberry Matcha Latte,Matcha Latte,Strawberry,False,True,,6.95,6.95,,Ceremonial,Owner-posted Menu,https://cochevalleydessertcafecap.square.site/menu,2026-08-29,False,Strawberry Matcha Latte ‚Äî ceremonial matcha with strawberry puree ‚Äî $6.95,Reviewed,6.95,True,True,True,True,0,0
ITM070,SEA024,Matcha Lover,Matcha Smoothie,Original,False,True,,7.75,7.75,,Kyoto,Official Order App,https://yuu-tea-cafe-llc-seattle.cloveronline.com/menu/all,2026-08-31,False,Human-verified against official menu,Reviewed,7.75,True,True,False,True,0,0
ITM071,SEA024,Queen Matcha,Matcha Latte,Kumquat Lemon,False,True,,7.75,7.75,,Kyoto,Official Order App,https://yuu-tea-cafe-llc-seattle.cloveronline.com/menu/all,2026-08-31,False,Human-verified against official menu,Reviewed,7.75,True,True,True,True,0,0
ITM072,SEA024,Brulee Matcha,Matcha Latte,Creme Brulee,False,True,,7.75,7.75,,Kyoto,Official Order App,https://yuu-tea-cafe-llc-seattle.cloveronline.com/menu/all,2026-08-31,False,Human-verified against official menu,Reviewed,7.75,True,True,True,True,0,0
ITM073,SEA024,Fresh Start,Matcha,Kiwi,False,True,,7.75,7.75,,Kyoto,Official Order App,https://yuu-tea-cafe-llc-seattle.cloveronline.com/menu/all,2026-08-31,False,Human-verified against official menu,Reviewed,7.75,True,True,True,True,0,0
SEA024-AI-001,SEA024,Matcha Paradise,Matcha,Coconut,False,True,,7.5,7.5,,Kyoto,Official Website,https://yuuteacafe.net/products/matcha-series,2026-08-29,False,M1 Matcha Paradise,Reviewed,7.5,True,True,True,True,0,0
SEA024-AI-002,SEA024,Golden Matcha,Matcha,Mango,False,True,,8.0,8.0,,Kyoto,Official Website,https://yuuteacafe.net/products/matcha-series,2026-08-29,False,M2 Golden Matcha,Reviewed,8.0,True,True,True,True,0,0
SEA024-AI-003,SEA024,Matcha Forest,Matcha Smoothie,Chocolate,False,True,,7.75,7.75,,Kyoto,Official Website,https://yuuteacafe.net/products/matcha-series,2026-08-29,False,M3 Matcha Forest,Reviewed,7.75,True,True,True,True,0,0
SEA024-AI-004,SEA024,Matchamisu,Matcha,Tiramisu,False,True,,7.75,7.75,,Kyoto,Official Website,https://yuuteacafe.net/products/matcha-series,2026-08-29,False,M4 Matchamisu,Reviewed,7.75,True,True,True,True,0,0
SEA024-AI-005,SEA024,King Matcha,Matcha,Espresso,False,True,,8.75,8.75,,Kyoto,Official Website,https://yuuteacafe.net/products/matcha-series,2026-08-29,False,M5 King Matcha,Reviewed,8.75,True,True,True,True,0,0
ITM074,SEA025,Roasted Rice Matcha,Matcha Latte,Original,False,True,16 oz,8.25,8.25,Oat; Almond; Soy,Ceremonial,Current Menu Listing,https://aroomers.com/,2026-08-31,False,Human-verified against official menu,Reviewed,8.25,True,True,False,True,3,1
SEA025-AI-001,SEA025,Matcha Latte,Matcha Latte,Original,True,True,16 oz,6.75,6.75,Oat; Almond; Soy,Ceremonial,Current Menu Listing,https://aroomers.com/,2026-08-29,False,"Matcha Latte ‚Äî homemade matcha sauce, milk ‚Äî $6.75",Reviewed,6.75,True,True,False,True,3,1
SEA025-AI-002,SEA025,Gloomy Matcha,Matcha Latte,Sesame,True,True,16 oz,7.5,7.5,Oat; Almond; Soy,Ceremonial,Current Menu Listing,https://aroomers.com/,2026-08-29,False,"Gloomy Matcha ‚Äî homemade matcha sauce, milk, sesame cream ‚Äî $7.50",Reviewed,7.5,True,True,True,True,3,1
SEA025-AI-003,SEA025,Banana Matcha,Matcha Latte,Banana,False,True,16 oz,7.5,7.5,Oat; Almond; Soy,Ceremonial,Current Menu Listing,https://aroomers.com/,2026-08-29,False,"Banana Matcha ‚Äî homemade matcha sauce, milk, banana cream ‚Äî $7.50",Reviewed,7.5,True,True,True,True,3,1
SEA025-AI-004,SEA025,Pandan Matcha,Matcha Latte,Pandan,False,True,16 oz,7.5,7.5,Oat; Almond; Soy,Ceremonial,Current Menu Listing,https://aroomers.com/,2026-08-29,False,"Pandan Matcha ‚Äî homemade matcha sauce, milk, pandan cream ‚Äî $7.50",Reviewed,7.5,True,True,True,True,3,1
SEA026-AI-001,SEA026,Jelly Matcha + Milk,Matcha Latte,Original,False,True,12 oz,7.35,7.35,Whole; Oat; Half&half,,Official Website,https://www.kotocoffee.com/menu,2026-08-29,False,Jelly Matcha + Milk ‚Äî classic jelly matcha with choice of milk ‚Äî 12 oz ‚Äî $7.35,Reviewed,7.35,True,True,False,False,3,1
SEA026-AI-002,SEA026,Jelly Matcha + Matcha Latte,Matcha Latte,Original,False,True,12 oz,8.95,8.95,Whole; Oat; Half&half,,Official Website,https://www.kotocoffee.com/menu,2026-08-29,False,"Jelly Matcha + Matcha Latte ‚Äî jelly matcha, choice of milk, matcha syrup ‚Äî 12 oz ‚Äî $8.95",Reviewed,8.95,True,True,False,False,3,1
SEA026-AI-003,SEA026,Jelly Milk + Matcha Syrup,Matcha,Original,False,True,12 oz,8.55,8.55,Whole; Oat; Half&half,,Official Website,https://www.kotocoffee.com/menu,2026-08-29,False,Jelly Milk + Matcha Syrup ‚Äî jelly milk with matcha syrup ‚Äî 12 oz ‚Äî $8.55,Reviewed,8.55,True,True,False,False,3,1
SEA026-AI-004,SEA026,Matcha Latte,Matcha Latte,Original,True,True,,6.5,6.5,Whole; Oat; Half&half,,Official Website,https://www.kotocoffee.com/menu,2026-08-29,False,Matcha Latte ‚Äî $6.50,Reviewed,6.5,True,True,False,False,3,0
SEA026-AI-005,SEA026,Matcha Cookie,Matcha Dessert,Original,False,False,,3.95,3.95,,,Official Website,https://www.kotocoffee.com/menu,2026-08-29,False,Matcha Cookie ‚Äî $3.95,Reviewed,3.95,True,True,False,False,0,0
SEA027-AI-001,SEA027,Jeju Matcha Cream Coffee,Matcha Latte,Coffee,True,True,16 oz; 20 oz; 24 oz; 32 oz,7.49,9.99,Oat; Soy; 2%; Almond; Non-fat; Breve,Korean,Official Order App,https://toast.app/r/cu-urban-market-cafe-1117-1st-avenue/order,2026-08-29,False,"Jeju Matcha Cream Coffee ‚Äî matcha latte with espresso, topped with signature matcha cream ‚Äî $7.49",Reviewed,8.74,True,True,True,True,6,4
SEA027-AI-002,SEA027,Jeju Korean Matcha Latte,Matcha Latte,Original,True,True,8 oz; 16 oz; 20 oz; 24 oz; 32 oz,5.59,7.99,Oat; Soy; 2%; Almond; Non-fat; Breve,Korean,Official Order App,https://toast.app/r/cu-urban-market-cafe-1117-1st-avenue/order,2026-08-29,False,premium authentic Korean matcha from Jeju Island ‚Äî $5.59,Reviewed,6.79,True,True,False,True,6,5
SEA027-AI-003,SEA027,Strawberry Matcha Latte,Matcha Latte,Strawberry,False,True,16 oz,6.49,6.49,Oat; Soy; 2%; Almond; Non-fat; Breve,Korean,Official Order App,https://toast.app/r/cu-urban-market-cafe-1117-1st-avenue/order,2026-08-29,False,Strawberry Matcha Latte ‚Äî $6.49,Reviewed,6.49,True,True,True,True,6,1
SEA027-AI-004,SEA027,Banana Matcha Latte,Matcha Latte,Banana,True,True,16 oz,6.49,6.49,Oat; Soy; 2%; Almond; Non-fat; Breve,Korean,Official Order App,https://toast.app/r/cu-urban-market-cafe-1117-1st-avenue/order,2026-08-29,False,Banana Matcha Latte ‚Äî $6.49,Reviewed,6.49,True,True,True,True,6,1
SEA027-AI-005,SEA027,Mango Matcha Latte,Matcha Latte,Mango,False,True,16 oz,6.99,6.99,Oat; Soy; 2%; Almond; Non-fat; Breve,Korean,Official Order App,https://toast.app/r/cu-urban-market-cafe-1117-1st-avenue/order,2026-08-29,False,Mango Matcha Latte ‚Äî $6.99 ‚Äî currently out of stock,Reviewed,6.99,True,True,True,True,6,1
SEA027-AI-006,SEA027,Japanese Ceremonial Matcha Latte (Unsweetened),Matcha Latte,Original,True,True,16 oz,6.49,6.49,Oat; Soy; 2%; Almond; Non-fat; Breve,Ceremonial,Official Order App,https://toast.app/r/cu-urban-market-cafe-1117-1st-avenue/order,2026-08-29,False,Japanese Ceremonial Matcha Latte (Unsweetened) ‚Äî $6.49,Reviewed,6.49,True,True,False,True,6,1
SEA027-AI-007,SEA027,Coconut Matcha Cloud,Matcha Latte,Coconut,False,True,16 oz,6.49,6.49,Oat; Soy; 2%; Almond; Non-fat; Breve,Korean,Official Order App,https://toast.app/r/cu-urban-market-cafe-1117-1st-avenue/order,2026-08-29,False,Coconut Matcha Cloud ‚Äî $6.49 ‚Äî currently out of stock,Reviewed,6.49,True,True,True,True,6,1
ITM075,SEA028,Matcha Tea,Matcha,Original,False,True,,6.0,6.0,,Ceremonial,Google Maps Menu,"https://www.google.com/search?gs_ssp=eJzj4tVP1zc0zK2syK1KKygwYLRSNagwNbE0MEsyMTE0NkhMSjEwtDKoSE42NkyyNEwG8swtUpMsvIQy8stTKhUq1RNzchSS89PSUlMBLJYWZg&q=howdy+y%27all+coffee&rlz=1C5CHFA_enUS1120US1121&oq=howdyyallcoffee&gs_lcrp=EgZjaHJvbWUqFAgBEC4YDRgTGK8BGMcBGIAEGI4FMgYIABBFGDkyFAgBEC4YDRgTGK8BGMcBGIAEGI4FMgsIAhAAGA0YExiABDILCAMQABgNGBMYgAQyCwgEEAAYDRgTGIAEMgsIBRAAGA0YExiABDILCAYQABgNGBMYgAQyBggHEEUYPNIBCDIwMjZqMGo3qAIIsAIB8QU4RGzskFeIng&sourceid=chrome&source=chrome.ob&ie=UTF-8#lpg=cid:CgIYIQ%3D%3D,ik:CAoSHENJQUJJaEFKTzRiTGpaek9vSFlEeDlkdVdQV2U%3D",2026-08-31,False,Human-validated pilot menu record,Reviewed,6.0,True,True,False,True,0,0
ITM076,SEA028,Matcha Latte,Matcha Latte,Original,False,True,,7.5,7.5,Oat; Almond,Ceremonial,Google Maps Menu,"https://www.google.com/search?gs_ssp=eJzj4tVP1zc0zK2syK1KKygwYLRSNagwNbE0MEsyMTE0NkhMSjEwtDKoSE42NkyyNEwG8swtUpMsvIQy8stTKhUq1RNzchSS89PSUlMBLJYWZg&q=howdy+y%27all+coffee&rlz=1C5CHFA_enUS1120US1121&oq=howdyyallcoffee&gs_lcrp=EgZjaHJvbWUqFAgBEC4YDRgTGK8BGMcBGIAEGI4FMgYIABBFGDkyFAgBEC4YDRgTGK8BGMcBGIAEGI4FMgsIAhAAGA0YExiABDILCAMQABgNGBMYgAQyCwgEEAAYDRgTGIAEMgsIBRAAGA0YExiABDILCAYQABgNGBMYgAQyBggHEEUYPNIBCDIwMjZqMGo3qAIIsAIB8QU4RGzskFeIng&sourceid=chrome&source=chrome.ob&ie=UTF-8#lpg=cid:CgIYIQ%3D%3D,ik:CAoSHENJQUJJaEFKTzRiTGpaek9vSFlEeDlkdVdQV2U%3D",2026-08-31,False,Human-verified against official menu,Reviewed,7.5,True,True,False,True,2,0
ITM077,SEA028,Pistachio Matcha,Matcha Latte,Pistachio,False,True,,8.0,8.0,Oat; Almond,Ceremonial,Google Maps Menu,"https://www.google.com/search?gs_ssp=eJzj4tVP1zc0zK2syK1KKygwYLRSNagwNbE0MEsyMTE0NkhMSjEwtDKoSE42NkyyNEwG8swtUpMsvIQy8stTKhUq1RNzchSS89PSUlMBLJYWZg&q=howdy+y%27all+coffee&rlz=1C5CHFA_enUS1120US1121&oq=howdyyallcoffee&gs_lcrp=EgZjaHJvbWUqFAgBEC4YDRgTGK8BGMcBGIAEGI4FMgYIABBFGDkyFAgBEC4YDRgTGK8BGMcBGIAEGI4FMgsIAhAAGA0YExiABDILCAMQABgNGBMYgAQyCwgEEAAYDRgTGIAEMgsIBRAAGA0YExiABDILCAYQABgNGBMYgAQyBggHEEUYPNIBCDIwMjZqMGo3qAIIsAIB8QU4RGzskFeIng&sourceid=chrome&source=chrome.ob&ie=UTF-8#lpg=cid:CgIYIQ%3D%3D,ik:CAoSHENJQUJJaEFKTzRiTGpaek9vSFlEeDlkdVdQV2U%3D",2026-08-31,False,Human-verified against official menu,Reviewed,8.0,True,True,True,True,2,0
SEA028-AI-001,SEA028,Earl Grey Matcha Latte,Matcha Latte,Earl Grey,False,True,,8.0,8.0,Oat; Almond,Ceremonial,Official Site + Current Observation,https://www.howdyyallcoffee.com/,2026-08-29,False,Earl Grey Matcha Latte ‚Äî $8.00 ‚Äî alternative milk available at no extra charge,Reviewed,8.0,True,True,True,True,2,0
