place_id,shop_name,formatted_address,city_scope_check,primary_type,google_types,google_rating,google_review_count,website_url,google_maps_url,query_match_count,discovery_queries,verification_status,qualification_basis,rejection_reason,date_collected_utc
ChIJq8-wWk1rkFQRM6WEAOx7x2k,Matcha Magic Capitol Hill,"1530 11th Ave, Seattle, WA 98122",True,cafe,cafe; food; point_of_interest; establishment,4.8,448.0,https://www.itsmatchamagic.com/,https://maps.google.com/?cid=7622197147899045171&g_mp=Cidnb29nbGUubWFwcy5wbGFjZXMudjEuUGxhY2VzLlNlYXJjaFRleHQQAhgEIAA,4,"Japanese tea cafe in Seattle, WA | matcha cafe in Seattle, WA | matcha in Seattle, WA | matcha latte in Seattle, WA",Qualified,Matcha item verified on menu,,2026-08-29T04:16:28+00:00
ChIJn_YYQXkVkFQRe1gVLs8eJyM,Taz Matcha,"1514 4th Ave, Seattle, WA 98101",True,cafe,cafe; food; point_of_interest; establishment,4.4,384.0,https://tazseattle.com/,https://maps.google.com/?cid=2533027190599407739&g_mp=Cidnb29nbGUubWFwcy5wbGFjZXMudjEuUGxhY2VzLlNlYXJjaFRleHQQAhgEIAA,4,"Japanese tea cafe in Seattle, WA | matcha cafe in Seattle, WA | matcha in Seattle, WA | matcha latte in Seattle, WA",Qualified,Matcha item verified on menu,,2026-08-29T04:16:28+00:00
ChIJMesSl2YVkFQR9cjxPkeMS_g,Matcha Magic SLU,"500 Fairview Ave N, Seattle, WA 98109",True,cafe,cafe; food; point_of_interest; establishment,4.9,309.0,https://www.itsmatchamagic.com/,https://maps.google.com/?cid=17891548182286026997&g_mp=Cidnb29nbGUubWFwcy5wbGFjZXMudjEuUGxhY2VzLlNlYXJjaFRleHQQAhgEIAA,4,"Japanese tea cafe in Seattle, WA | matcha cafe in Seattle, WA | matcha in Seattle, WA | matcha latte in Seattle, WA",Qualified,Matcha item verified on menu,,2026-08-29T04:16:28+00:00
ChIJgRGSPgAVkFQRbrop5Z87pSc,Mina’s Matcha,"5200 Roosevelt Way NE Ste A, Seattle, WA 98105",True,cafe,cafe; dessert_shop; coffee_shop; confectionery; food_store; food; store; point_of_interest; establishment,4.8,145.0,,https://maps.google.com/?cid=2856755096567003758&g_mp=Cidnb29nbGUubWFwcy5wbGFjZXMudjEuUGxhY2VzLlNlYXJjaFRleHQQAhgEIAA,4,"Japanese tea cafe in Seattle, WA | matcha cafe in Seattle, WA | matcha in Seattle, WA | matcha latte in Seattle, WA",Qualified,Matcha item verified on menu,,2026-08-29T04:16:28+00:00
ChIJRQ55ea8VkFQRooTMPmyxckw,Grean Matcha,"4524 University Wy NE, Seattle, WA 98105",True,cafe,cafe; food; point_of_interest; establishment,4.7,121.0,http://drinkgrean.com/,https://maps.google.com/?cid=5508660372695712930&g_mp=Cidnb29nbGUubWFwcy5wbGFjZXMudjEuUGxhY2VzLlNlYXJjaFRleHQQAhgEIAA,4,"Japanese tea cafe in Seattle, WA | matcha cafe in Seattle, WA | matcha in Seattle, WA | matcha latte in Seattle, WA",Qualified,Matcha item verified on menu,,2026-08-29T04:16:28+00:00
ChIJvX0IVpcVkFQRHg_Fmpiexvw,Nana’s Green Tea,"1007 Stewart St #103, Seattle, WA 98101",True,dessert_shop,japanese_curry_restaurant; tea_house; ice_cream_shop; dessert_shop; japanese_restaurant; confectionery; food_store; restaurant; food; store; point_of_interest; establishment,4.5,2023.0,http://www.nanasgreenteawa.com/,https://maps.google.com/?cid=18214420121215373086&g_mp=Cidnb29nbGUubWFwcy5wbGFjZXMudjEuUGxhY2VzLlNlYXJjaFRleHQQAhgEIAA,3,"Japanese tea cafe in Seattle, WA | matcha cafe in Seattle, WA | matcha latte in Seattle, WA",Qualified,Matcha item verified on menu,,2026-08-29T04:16:28+00:00
ChIJ31EeKlhtkFQRT6p6o27OBD8,Matcha Magic Bellevue,"10246 Main St A, Bellevue, WA 98004",False,cafe,cafe; food; point_of_interest; establishment,4.6,562.0,http://www.itsmatchamagic.com/,https://maps.google.com/?cid=4540981298880752207&g_mp=Cidnb29nbGUubWFwcy5wbGFjZXMudjEuUGxhY2VzLlNlYXJjaFRleHQQAhgEIAA,3,"Japanese tea cafe in Seattle, WA | matcha cafe in Seattle, WA | matcha latte in Seattle, WA",Needs menu verification,,,2026-08-29T04:16:28+00:00
ChIJrSeqgMVBkFQRnqiExQNhuY8,Matcha Man Ice Cream & Taiyaki,"6014 12th Ave S, Seattle, WA 98108",True,ice_cream_shop,ice_cream_shop; dessert_shop; cafe; confectionery; food_store; food; store; point_of_interest; establishment,4.5,485.0,,https://maps.google.com/?cid=10356415486941767838&g_mp=Cidnb29nbGUubWFwcy5wbGFjZXMudjEuUGxhY2VzLlNlYXJjaFRleHQQAhgEIAA,3,"Japanese tea cafe in Seattle, WA | matcha cafe in Seattle, WA | matcha latte in Seattle, WA",Qualified,Matcha item verified on menu,,2026-08-29T04:16:28+00:00
ChIJdxfOMSYVkFQRT283uS_dls4,Chaco Coffee & Tea,"100 4th Ave N Ste 165, Seattle, WA 98109",True,coffee_shop,coffee_shop; tea_house; breakfast_restaurant; cafe; food_store; restaurant; food; store; point_of_interest; establishment,4.8,312.0,https://chacoffeeandtea.com/,https://maps.google.com/?cid=14886328815360372559&g_mp=Cidnb29nbGUubWFwcy5wbGFjZXMudjEuUGxhY2VzLlNlYXJjaFRleHQQAhgEIAA,3,"Japanese tea cafe in Seattle, WA | matcha cafe in Seattle, WA | matcha latte in Seattle, WA",Qualified,Matcha item verified on menu,,2026-08-29T04:16:28+00:00
ChIJqTPr5FxrkFQRIgTFZDo3zfQ,Yoka Tea,"1101 34th Ave, Seattle, WA 98122",True,cafe,cafe; food; point_of_interest; establishment,4.8,256.0,,https://maps.google.com/?cid=17639816039418364962&g_mp=Cidnb29nbGUubWFwcy5wbGFjZXMudjEuUGxhY2VzLlNlYXJjaFRleHQQAhgEIAA,3,"Japanese tea cafe in Seattle, WA | matcha cafe in Seattle, WA | matcha latte in Seattle, WA",Qualified,Matcha item verified on menu,,2026-08-29T04:16:28+00:00
ChIJnQvknrJrkFQRKsC9rvTlX1Y,Junbi Matcha & Tea - Seattle,"722 E Pike St Ste 110, Seattle, WA 98122",True,cafe,cafe; food; point_of_interest; establishment,4.4,108.0,https://junbishop.com/,https://maps.google.com/?cid=6223946049115766826&g_mp=Cidnb29nbGUubWFwcy5wbGFjZXMudjEuUGxhY2VzLlNlYXJjaFRleHQQAhgEIAA,3,"Japanese tea cafe in Seattle, WA | matcha cafe in Seattle, WA | matcha latte in Seattle, WA",Qualified,Matcha item verified on menu,,2026-08-29T04:16:28+00:00
ChIJU6O0Y_1rkFQRw0BduR7xyBU,Lune Cafe,"107 1st Ave S, Seattle, WA 98104",True,cafe,cafe; food; point_of_interest; establishment,4.5,1332.0,https://lunesglow.com/,https://maps.google.com/?cid=1569769584399827139&g_mp=Cidnb29nbGUubWFwcy5wbGFjZXMudjEuUGxhY2VzLlNlYXJjaFRleHQQAhgEIAA,2,"matcha cafe in Seattle, WA | matcha latte in Seattle, WA",Qualified,Matcha item verified on menu,,2026-08-29T04:16:28+00:00
ChIJWSGEUNBrkFQRj7sUhdYFnXE,Baiten,"510 E Pine St, Seattle, WA 98122",True,dessert_shop,dessert_shop; confectionery; food_store; store; food; point_of_interest; establishment,4.5,216.0,https://www.tamaribarseattle.com/baiten,https://maps.google.com/?cid=8186706116543298447&g_mp=Cidnb29nbGUubWFwcy5wbGFjZXMudjEuUGxhY2VzLlNlYXJjaFRleHQQAhgEIAA,2,"Japanese tea cafe in Seattle, WA | matcha cafe in Seattle, WA",Qualified,Matcha item verified on menu,,2026-08-29T04:16:23+00:00
ChIJd1f3fGoVkFQRz0eZTCdX2zc,Vale Matcha & Coffee,"2000 Terry Ave, Seattle, WA 98121",True,coffee_shop,coffee_shop; cafe; food_store; food; store; point_of_interest; establishment,4.3,196.0,https://www.valematcha.com/,https://maps.google.com/?cid=4024906518286125007&g_mp=Cidnb29nbGUubWFwcy5wbGFjZXMudjEuUGxhY2VzLlNlYXJjaFRleHQQAhgEIAA,2,"matcha cafe in Seattle, WA | matcha latte in Seattle, WA",Qualified,Matcha item verified on menu,,2026-08-29T04:16:28+00:00
ChIJ0630IAAVkFQRO86TGVmF288,Elixir,"4524 University Wy NE, Seattle, WA 98105",True,restaurant,restaurant; dessert_restaurant; food; point_of_interest; establishment,4.3,70.0,https://www.elixirseattle.net/,https://maps.google.com/?cid=14977711603478416955&g_mp=Cidnb29nbGUubWFwcy5wbGFjZXMudjEuUGxhY2VzLlNlYXJjaFRleHQQAhgEIAA,2,"matcha cafe in Seattle, WA | matcha latte in Seattle, WA",Qualified,Matcha item verified on menu,,2026-08-29T04:16:28+00:00
ChIJGy4McgBrkFQRdryDJRlK9dA,Jin Jin Matcha,"1325 4th Ave #1230, Seattle, WA 98101",True,coffee_shop,coffee_shop; cafe; food_store; food; store; point_of_interest; establishment,4.5,59.0,,https://maps.google.com/?cid=15057022401047149686&g_mp=Cidnb29nbGUubWFwcy5wbGFjZXMudjEuUGxhY2VzLlNlYXJjaFRleHQQAhgEIAA,2,"matcha cafe in Seattle, WA | matcha latte in Seattle, WA",Qualified,Matcha item verified on menu,,2026-08-29T04:16:28+00:00
ChIJT5j7Y8YVkFQRCeKtQH6eJSI,Miro Tea,"5405 Ballard Ave NW, Seattle, WA 98107",True,tea_house,tea_house; pastry_shop; dessert_shop; breakfast_restaurant; confectionery; bakery; food_store; store; restaurant; food; point_of_interest; establishment,4.7,976.0,http://www.mirotea.com/,https://maps.google.com/?cid=2460547036516049417&g_mp=Cidnb29nbGUubWFwcy5wbGFjZXMudjEuUGxhY2VzLlNlYXJjaFRleHQQAhgEIAA,1,"Japanese tea cafe in Seattle, WA",Qualified,Matcha item verified on menu,,2026-08-29T04:16:23+00:00
ChIJPZxNkZ1rkFQREOhvtKhmGo4,Hello Em Việt Coffee & Roastery,"1227 S Weller St, Seattle, WA 98144",True,coffee_shop,coffee_shop; coffee_roastery; sandwich_shop; cafe; food_store; restaurant; food; store; point_of_interest; establishment,4.7,757.0,https://www.helloem.coffee/,https://maps.google.com/?cid=10239609577548015632&g_mp=Cidnb29nbGUubWFwcy5wbGFjZXMudjEuUGxhY2VzLlNlYXJjaFRleHQQAhgEIAA,1,"matcha latte in Seattle, WA",Qualified,Matcha item verified on menu,,2026-08-29T04:16:28+00:00
ChIJP3XOGWAUkFQRT_lH1mC1SfU,OH! Bear Cafe & TeaHouse,"4708 11th Ave NE, Seattle, WA 98105",True,cafe,cafe; food; point_of_interest; establishment,4.6,426.0,https://www.ohbearcafeteahousewa.com/?utm_source=gmb&utm_medium=website,https://maps.google.com/?cid=17674857640108751183&g_mp=Cidnb29nbGUubWFwcy5wbGFjZXMudjEuUGxhY2VzLlNlYXJjaFRleHQQAhgEIAA,1,"Japanese tea cafe in Seattle, WA",Qualified,Matcha item verified on menu,,2026-08-29T04:16:23+00:00
ChIJxRtfPWFrkFQRYxQajr-FZoM,The Usual,"1414 E Yesler Wy, Seattle, WA 98122",True,cafe,cafe; food; point_of_interest; establishment,4.4,405.0,https://theusual.squarespace.com/,https://maps.google.com/?cid=9468402324362368099&g_mp=Cidnb29nbGUubWFwcy5wbGFjZXMudjEuUGxhY2VzLlNlYXJjaFRleHQQAhgEIAA,1,"matcha cafe in Seattle, WA",Rejected,,Does not meet project inclusion criteria after manual review,2026-08-29T04:16:19+00:00
ChIJOTVu5NFrkFQRvAtWzY-Iwtw,Atulea,"1715 12th Ave #100, Seattle, WA 98122",True,cafe,cafe; tea_house; coffee_shop; food_store; food; store; point_of_interest; establishment,4.5,398.0,http://shopatulea.com/,https://maps.google.com/?cid=15907426985032682428&g_mp=Cidnb29nbGUubWFwcy5wbGFjZXMudjEuUGxhY2VzLlNlYXJjaFRleHQQAhgEIAA,1,"matcha latte in Seattle, WA",Qualified,Matcha item verified on menu,,2026-08-29T04:16:28+00:00
ChIJ9Yke7MJrkFQR7CJNNPFpfL4,Coche Valley Dessert Cafe,"1424 E Pine St, Seattle, WA 98122",True,dessert_shop,dessert_shop; brunch_restaurant; coffee_shop; cafe; confectionery; food_store; store; restaurant; food; point_of_interest; establishment,4.5,328.0,https://cochevalleydessertcafecap.square.site/,https://maps.google.com/?cid=13725962249003934444&g_mp=Cidnb29nbGUubWFwcy5wbGFjZXMudjEuUGxhY2VzLlNlYXJjaFRleHQQAhgEIAA,1,"matcha cafe in Seattle, WA",Qualified,Matcha item verified on menu,,2026-08-29T04:16:19+00:00
ChIJ83tHO_pVkFQRp5biyGbC0bo,Jin Jin Matcha,"1019 Pacific Ave, Tacoma, WA 98402",False,tea_house,tea_house; point_of_interest; establishment,4.7,306.0,http://www.jinjinmatcha.com/,https://maps.google.com/?cid=13461754507899868839&g_mp=Cidnb29nbGUubWFwcy5wbGFjZXMudjEuUGxhY2VzLlNlYXJjaFRleHQQAhgEIAA,1,"Japanese tea cafe in Seattle, WA",Needs menu verification,,,2026-08-29T04:16:23+00:00
ChIJ3d-iqVxrkFQRKNl7TtHwYK8,Yuu Tea Cafe,"4400 Rainier Ave S, Seattle, WA 98118",True,cafe,cafe; coffee_shop; pastry_shop; dessert_shop; bagel_shop; tea_house; confectionery; bakery; food_store; store; food; point_of_interest; establishment,4.8,275.0,https://yuuteacafe.net/,https://maps.google.com/?cid=12637365336157182248&g_mp=Cidnb29nbGUubWFwcy5wbGFjZXMudjEuUGxhY2VzLlNlYXJjaFRleHQQAhgEIAA,1,"Japanese tea cafe in Seattle, WA",Qualified,Matcha item verified on menu,,2026-08-29T04:16:23+00:00
ChIJvful7UFrkFQR0OhobFnU_fs,Aroom Coffee Waterfront,"904 Alaskan Wy, Seattle, WA 98104",True,coffee_shop,coffee_shop; cafe; food_store; food; store; point_of_interest; establishment,4.7,257.0,https://aroomers.com/,https://maps.google.com/?cid=18157902753163700432&g_mp=Cidnb29nbGUubWFwcy5wbGFjZXMudjEuUGxhY2VzLlNlYXJjaFRleHQQAhgEIAA,1,"matcha latte in Seattle, WA",Qualified,Matcha item verified on menu,,2026-08-29T04:16:28+00:00
ChIJ3dzzqxdrkFQR1xVyFgc9Vsg,KOTO JELLY COFFEE,"512 Broadway, Seattle, WA 98122",True,dessert_shop,dessert_shop; confectionery; food_store; store; food; point_of_interest; establishment,4.6,215.0,https://kotocoffee.com/,https://maps.google.com/?cid=14435792756233344471&g_mp=Cidnb29nbGUubWFwcy5wbGFjZXMudjEuUGxhY2VzLlNlYXJjaFRleHQQAhgEIAA,1,"Japanese tea cafe in Seattle, WA",Qualified,Matcha item verified on menu,,2026-08-29T04:16:23+00:00
ChIJJ7opW15rkFQRpE4PHo9qP7A,CU URBAN MARKET & CAFE,"1117 1st Ave, Seattle, WA 98101",True,cafe,cafe; food; point_of_interest; establishment,4.8,207.0,http://cumnc.com/,https://maps.google.com/?cid=12699986637125275300&g_mp=Cidnb29nbGUubWFwcy5wbGFjZXMudjEuUGxhY2VzLlNlYXJjaFRleHQQAhgEIAA,1,"matcha latte in Seattle, WA",Qualified,Matcha item verified on menu,,2026-08-29T04:16:28+00:00
ChIJAb0KE0RrkFQRuI4X0By5Mcw,Howdy Y'all Coffee (Central Library),"JM48+MX, Public Library - Central Library, 1000 4th Ave Fl 3, Seattle, WA 98104",True,coffee_shop,coffee_shop; cafe; food_store; store; food; point_of_interest; establishment,4.9,118.0,https://howdyyallcoffee.com/,https://maps.google.com/?cid=14713744990997548728&g_mp=Cidnb29nbGUubWFwcy5wbGFjZXMudjEuUGxhY2VzLlNlYXJjaFRleHQQAhgEIAA,1,"matcha cafe in Seattle, WA",Qualified,Matcha item verified on menu,,2026-08-29T04:16:19+00:00
ChIJN4c5U7ZrkFQR3DAWF5IiimM,Public House,"210 Occidental Ave S, Seattle, WA 98104",True,restaurant,restaurant; coffee_shop; cafe; bar; food_store; food; store; point_of_interest; establishment,4.8,93.0,https://www.publichouseseattle.com/,https://maps.google.com/?cid=7172583367388836060&g_mp=Cidnb29nbGUubWFwcy5wbGFjZXMudjEuUGxhY2VzLlNlYXJjaFRleHQQAhgEIAA,1,"matcha latte in Seattle, WA",Rejected,,Does not meet project inclusion criteria after manual review,2026-08-29T04:16:28+00:00
ChIJC6HnRYEWkFQRXWhtKbh7wsc,Zen Dog Studio & Tea House Gallery,"2015 NW 85th St, Seattle, WA 98117",True,tea_house,tea_house; point_of_interest; establishment,4.8,37.0,http://www.teahousegallery.com/,https://maps.google.com/?cid=14394203389928761437&g_mp=Cidnb29nbGUubWFwcy5wbGFjZXMudjEuUGxhY2VzLlNlYXJjaFRleHQQAhgEIAA,1,"Japanese tea cafe in Seattle, WA",Rejected,,Does not meet project inclusion criteria after manual review,2026-08-29T04:16:23+00:00
ChIJrS2x2xYVkFQRF9Z-_VpBavU,Tokara,"6208 Phinney Ave N, Seattle, WA 98103",True,confectionery,confectionery; food_store; store; food; point_of_interest; establishment,4.7,36.0,http://tokaragashi.com/,https://maps.google.com/?cid=17684018745879483927&g_mp=Cidnb29nbGUubWFwcy5wbGFjZXMudjEuUGxhY2VzLlNlYXJjaFRleHQQAhgEIAA,1,"Japanese tea cafe in Seattle, WA",Rejected,,Does not meet project inclusion criteria after manual review,2026-08-29T04:16:23+00:00
ChIJs5fADABnkFQRpgzfnpGqrzo,The Specialty Matcha by Sing Tong,"4605 NE 4th St #1-2, Renton, WA 98059",False,cafe,cafe; food; point_of_interest; establishment,4.7,32.0,https://order.online/store/the-specialty-matcha-by-sing-tong-renton-33738427/?fbclid=PAZXh0bgNhZW0CMTEAAafc2A1NwMxEpQdBTRWVF3Aa7_mzRNyi243BK63rZqOKeOn8H1W9L8DNLUVPBQ_aem_e30-S7FxZvq9UpQHNuTrdw,https://maps.google.com/?cid=4228786117536582822&g_mp=Cidnb29nbGUubWFwcy5wbGFjZXMudjEuUGxhY2VzLlNlYXJjaFRleHQQAhgEIAA,1,"matcha cafe in Seattle, WA",Needs menu verification,,,2026-08-29T04:16:19+00:00
ChIJJwvTAIIUkFQRrT4UZoNIcqA,East-West Chanoyu Center,"1414 S Weller St, Seattle, WA 98144",True,,point_of_interest; establishment,,,https://east-westchanoyucenter.org/,https://maps.google.com/?cid=11561382922604002989&g_mp=Cidnb29nbGUubWFwcy5wbGFjZXMudjEuUGxhY2VzLlNlYXJjaFRleHQQAhgEIAA,1,"Japanese tea cafe in Seattle, WA",Rejected,,Does not meet project inclusion criteria after manual review,2026-08-29T04:16:23+00:00
