item_id,shop_id,drink_name,drink_category,flavor,available_hot,available_iced,size,min_price,max_price,milk_options,matcha_grade_claim,menu_source,menu_url,date_collected
ITM001,SEA001,Ceremonial,Matcha,Original,TRUE,TRUE,12oz;16oz,$7.00,$8.00,,Ceremonial,Official Website,https://www.itsmatchamagic.com/online-ordering/south-lake-union/menu,2026-08-28
ITM002,SEA001,Matcha Latte,Matcha Latte,Original,TRUE,TRUE,12oz;16oz,$7.00,$8.00,Horchata; 2%; Oat; Almond; Coconut; Soy,Ceremonial,Official Website,https://www.itsmatchamagic.com/online-ordering/south-lake-union/menu,2026-08-28
ITM003,SEA001,Strawberry Matcha,Matcha Latte,Strawberry,FALSE,TRUE,16oz,$9.00,$9.00,Horchata; 2%; Oat; Almond; Coconut; Soy,Ceremonial,Official Website,https://www.itsmatchamagic.com/online-ordering/south-lake-union/menu,2026-08-28
ITM004,SEA001,Matcha Horchata,Matcha Latte,Horchata,TRUE,TRUE,12oz;16oz,$8.50,$9.50,Horchata,Ceremonial,Official Website,https://www.itsmatchamagic.com/online-ordering/south-lake-union/menu,2026-08-28
ITM005,SEA001,Banana Cream Matcha,Matcha Latte,Banana,FALSE,TRUE,16oz,$9.50,$9.50,Horchata; 2%; Oat; Almond; Coconut; Soy,Ceremonial,Official Website,https://www.itsmatchamagic.com/online-ordering/south-lake-union/menu,2026-08-28
ITM006,SEA001,Earl Grey Matcha,Matcha Latte,Earl Grey,FALSE,TRUE,16oz,$8.50,$8.50,Horchata; 2%; Oat; Almond; Coconut; Soy,Ceremonial,Official Website,https://www.itsmatchamagic.com/online-ordering/south-lake-union/menu,2026-08-28
ITM007,SEA001,Matcha Mallow,Matcha Latte,Marshmallow,TRUE,TRUE,12oz;16oz,$7.50,$8.50,Horchata; 2%; Oat; Almond; Coconut; Soy,Ceremonial,Official Website,https://www.itsmatchamagic.com/online-ordering/south-lake-union/menu,2026-08-28
ITM008,SEA001,Triple Matcha,Matcha Latte,Original,FALSE,TRUE,16oz,$9.50,$9.50,Horchata; 2%; Oat; Almond; Coconut; Soy,Ceremonial,Official Website,https://www.itsmatchamagic.com/online-ordering/south-lake-union/menu,2026-08-28
ITM009,SEA001,Purple Rain,Matcha Latte,Ube,FALSE,TRUE,16oz,$10.00,$10.00,Horchata; 2%; Oat; Almond; Coconut; Soy,Ceremonial,Official Website,https://www.itsmatchamagic.com/online-ordering/south-lake-union/menu,2026-08-28
ITM010,SEA001,Matcha Magic Latte,Matcha Latte,Original,TRUE,TRUE,12oz;16oz,$8.50,$9.50,Horchata; 2%; Oat; Almond; Coconut; Soy,Ceremonial,Official Website,https://www.itsmatchamagic.com/online-ordering/south-lake-union/menu,2026-08-28
ITM011,SEA001,Blueberry Matcha,Matcha Latte,Blueberry,FALSE,TRUE,16oz,$9.50,$9.50,Horchata; 2%; Oat; Almond; Coconut; Soy,Ceremonial,Official Website,https://www.itsmatchamagic.com/online-ordering/south-lake-union/menu,2026-08-28
ITM012,SEA001,Black Sesame Matcha,Matcha Latte,Black Sesame,FALSE,TRUE,16oz,$9.00,$9.00,Horchata; 2%; Oat; Almond; Coconut; Soy,Ceremonial,Official Website,https://www.itsmatchamagic.com/online-ordering/south-lake-union/menu,2026-08-28
ITM013,SEA001,Caramel Maca-iato,Matcha Latte,Caramel,TRUE,TRUE,12oz;16oz,$8.50,$9.50,Horchata; 2%; Oat; Almond; Coconut; Soy,Ceremonial,Official Website,https://www.itsmatchamagic.com/online-ordering/south-lake-union/menu,2026-08-28
ITM014,SEA001,Coconut Matcha Latte,Matcha Latte,Coconut,FALSE,TRUE,16oz,$8.50,$8.50,Horchata; 2%; Oat; Almond; Coconut; Soy,Ceremonial,Official Website,https://www.itsmatchamagic.com/online-ordering/south-lake-union/menu,2026-08-28
ITM015,SEA001,Banana Matcha,Matcha Smoothie,Banana,FALSE,TRUE,16oz,$12.00,$12.00,Horchata; 2%; Oat; Almond; Coconut; Soy,Ceremonial,Official Website,https://www.itsmatchamagic.com/online-ordering/south-lake-union/menu,2026-08-28
ITM016,SEA002,Premium Uji Matcha Latte,Matcha Latte,Original,FALSE,TRUE,20oz,$7.75,$7.75,Whole; Oat,Uji,Official Website,https://themoobar.muncho.ai/post/detail?businessId=6330aa766d384e110d80979b&noBack=true&needShowSafariGuide=false,2026-08-28
ITM017,SEA002,Meiko Ceremonial Matcha Latte,Matcha Latte,Original,FALSE,TRUE,20oz,$9.25,$9.25,Whole; Oat,Ceremonial,Official Website,https://themoobar.muncho.ai/post/detail?businessId=6330aa766d384e110d80979b&noBack=true&needShowSafariGuide=false,2026-08-28
ITM018,SEA002,Earl Grey Matcha,Matcha Latte,Earl Grey,FALSE,TRUE,20oz,$8.50,$10.00,Whole; Oat,Uji; Ceremonial,Official Website,https://themoobar.muncho.ai/post/detail?businessId=6330aa766d384e110d80979b&noBack=true&needShowSafariGuide=false,2026-08-28
ITM019,SEA002,Cookie Butter Matcha Latte,Matcha Latte,Cookie Butter,FALSE,TRUE,20oz,$9.00,$10.50,Whole; Oat,Uji; Ceremonial,Official Website,https://themoobar.muncho.ai/post/detail?businessId=6330aa766d384e110d80979b&noBack=true&needShowSafariGuide=false,2026-08-28
ITM020,SEA002,Yuzu Matcha Latte,Matcha Latte,Yuzu Lemon,FALSE,TRUE,20oz,$9.00,$10.50,Whole; Oat,Uji; Ceremonial,Official Website,https://themoobar.muncho.ai/post/detail?businessId=6330aa766d384e110d80979b&noBack=true&needShowSafariGuide=false,2026-08-28
ITM021,SEA002,Pistachio Cream Matcha Latte,Matcha Latte,Pistachio,FALSE,TRUE,20oz,$9.25,$10.75,Whole; Oat,Uji; Ceremonial,Official Website,https://themoobar.muncho.ai/post/detail?businessId=6330aa766d384e110d80979b&noBack=true&needShowSafariGuide=false,2026-08-28
ITM022,SEA002,Mango Sticky Rice Matcha Latte,Matcha Latte,Mango,FALSE,TRUE,20oz,$8.75,$10.25,Whole,Uji; Ceremonial,Official Website,https://themoobar.muncho.ai/post/detail?businessId=6330aa766d384e110d80979b&noBack=true&needShowSafariGuide=false,2026-08-28
ITM023,SEA002,Mango Matcha Latte,Matcha Latte,Mango,FALSE,TRUE,20oz,$8.00,$9.50,Whole,Uji; Ceremonial,Official Website,https://themoobar.muncho.ai/post/detail?businessId=6330aa766d384e110d80979b&noBack=true&needShowSafariGuide=false,2026-08-28
ITM024,SEA002,Matcha Tiramisu Matcha Latte,Matcha Latte,Matcha Tiramisu,FALSE,TRUE,20oz,$9.25,$9.25,Whole,Uji; Ceremonial,Official Website,https://themoobar.muncho.ai/post/detail?businessId=6330aa766d384e110d80979b&noBack=true&needShowSafariGuide=false,2026-08-28
ITM025,SEA002,Strawberry Matcha,Matcha Latte,Strawberry,FALSE,TRUE,20oz,$8.00,$9.50,Whole,Uji; Ceremonial,Official Website,https://themoobar.muncho.ai/post/detail?businessId=6330aa766d384e110d80979b&noBack=true&needShowSafariGuide=false,2026-08-28
ITM026,SEA002,Banana Bread Matcha Latte,Matcha Latte,Banana,FALSE,TRUE,20oz,$8.25,$9.75,Whole; Oat,Uji; Ceremonial,Official Website,https://themoobar.muncho.ai/post/detail?businessId=6330aa766d384e110d80979b&noBack=true&needShowSafariGuide=false,2026-08-28
ITM027,SEA002,Matcha Brulee,Matcha Smoothie,Cream Brulee,FALSE,TRUE,20oz,$8.75,$8.75,,Uji,Official Website,https://themoobar.muncho.ai/post/detail?businessId=6330aa766d384e110d80979b&noBack=true&needShowSafariGuide=false,2026-08-28
ITM028,SEA002,Cloudy Oreo Matcha,Matcha Smoothie,Oreo,FALSE,TRUE,20oz,$8.25,$8.25,,Uji,Official Website,https://themoobar.muncho.ai/post/detail?businessId=6330aa766d384e110d80979b&noBack=true&needShowSafariGuide=false,2026-08-28
ITM029,SEA003,Triple Supreme Matcha Latte,Matcha Latte,Original,TRUE,TRUE,16oz,$7.99,$7.99,,,Official App,https://apps.apple.com/us/app/heytea/id6468945008,2026-08-28
ITM030,SEA003,Matcha Cloud Coconut Blue,Matcha Latte,Coconut,FALSE,TRUE,16oz,$8.49,$8.49,,,Official App,https://apps.apple.com/us/app/heytea/id6468945008,2026-08-28
ITM031,SEA003,Cloud Matcha Latte,Matcha Latte,Original,TRUE,TRUE,16oz,$7.99,$7.99,,,Official App,https://apps.apple.com/us/app/heytea/id6468945008,2026-08-28
ITM032,SEA004,Matcha-Americano,Matcha,Original,TRUE,TRUE,16oz,$5.50,$5.50,,Ceremonial,Order App,https://order.toasttab.com/online/matcha-man-ice-cream-taiyaki-6014-12th-ave-s?fbclid=PAQ0xDSwN3cJ5leHRuA2FlbQIxMQABpwXOa_FdXAfQuPvL9ZjM5MweP_pljonaKOdmgfYE6zo9K3ZLXCQo9RpRe-Uz_aem_qZd2vFl068gQWriyImxcRw,2026-08-28
ITM033,SEA004,Matcha Latte,Matcha Latte,Original,TRUE,TRUE,12oz;16oz,$7.00,$8.00,Whole; Oat; Almond; Coconut; Soy,Ceremonial,Order App,https://order.toasttab.com/online/matcha-man-ice-cream-taiyaki-6014-12th-ave-s?fbclid=PAQ0xDSwN3cJ5leHRuA2FlbQIxMQABpwXOa_FdXAfQuPvL9ZjM5MweP_pljonaKOdmgfYE6zo9K3ZLXCQo9RpRe-Uz_aem_qZd2vFl068gQWriyImxcRw,2026-08-28
ITM034,SEA004,Sakura Matcha Latte,Matcha Latte,Sakura,TRUE,TRUE,12oz;16oz,$7.25,$8.25,Whole; Oat; Almond; Coconut; Soy,Ceremonial,Order App,https://order.toasttab.com/online/matcha-man-ice-cream-taiyaki-6014-12th-ave-s?fbclid=PAQ0xDSwN3cJ5leHRuA2FlbQIxMQABpwXOa_FdXAfQuPvL9ZjM5MweP_pljonaKOdmgfYE6zo9K3ZLXCQo9RpRe-Uz_aem_qZd2vFl068gQWriyImxcRw,2026-08-28
ITM035,SEA004,Lavender Matcha Latte,Matcha Latte,Lavender,TRUE,TRUE,12oz;16oz,$7.25,$8.25,Whole; Oat; Almond; Coconut; Soy,Ceremonial,Order App,https://order.toasttab.com/online/matcha-man-ice-cream-taiyaki-6014-12th-ave-s?fbclid=PAQ0xDSwN3cJ5leHRuA2FlbQIxMQABpwXOa_FdXAfQuPvL9ZjM5MweP_pljonaKOdmgfYE6zo9K3ZLXCQo9RpRe-Uz_aem_qZd2vFl068gQWriyImxcRw,2026-08-28
ITM036,SEA004,Rose Matcha Latte,Matcha Latte,Rose,TRUE,TRUE,12oz;16oz,$7.25,$8.25,Whole; Oat; Almond; Coconut; Soy,Ceremonial,Order App,https://order.toasttab.com/online/matcha-man-ice-cream-taiyaki-6014-12th-ave-s?fbclid=PAQ0xDSwN3cJ5leHRuA2FlbQIxMQABpwXOa_FdXAfQuPvL9ZjM5MweP_pljonaKOdmgfYE6zo9K3ZLXCQo9RpRe-Uz_aem_qZd2vFl068gQWriyImxcRw,2026-08-28
ITM037,SEA004,Chai Matcha Latte,Matcha Latte,Chai,TRUE,TRUE,12oz;16oz,$6.75,$7.75,Whole; Oat; Almond; Coconut; Soy,Ceremonial,Order App,https://order.toasttab.com/online/matcha-man-ice-cream-taiyaki-6014-12th-ave-s?fbclid=PAQ0xDSwN3cJ5leHRuA2FlbQIxMQABpwXOa_FdXAfQuPvL9ZjM5MweP_pljonaKOdmgfYE6zo9K3ZLXCQo9RpRe-Uz_aem_qZd2vFl068gQWriyImxcRw,2026-08-28
ITM038,SEA004,Vanilla Matcha Latte,Matcha Latte,Vanilla,TRUE,TRUE,12oz;16oz,$7.25,$8.25,Whole; Oat; Almond; Coconut; Soy,Ceremonial,Order App,https://order.toasttab.com/online/matcha-man-ice-cream-taiyaki-6014-12th-ave-s?fbclid=PAQ0xDSwN3cJ5leHRuA2FlbQIxMQABpwXOa_FdXAfQuPvL9ZjM5MweP_pljonaKOdmgfYE6zo9K3ZLXCQo9RpRe-Uz_aem_qZd2vFl068gQWriyImxcRw,2026-08-28
ITM039,SEA004,Strawberry Matcha Latte,Matcha Latte,Strawberry,FALSE,TRUE,12oz;16oz,$7.50,$8.50,Whole; Oat; Almond; Coconut; Soy,Ceremonial,Order App,https://order.toasttab.com/online/matcha-man-ice-cream-taiyaki-6014-12th-ave-s?fbclid=PAQ0xDSwN3cJ5leHRuA2FlbQIxMQABpwXOa_FdXAfQuPvL9ZjM5MweP_pljonaKOdmgfYE6zo9K3ZLXCQo9RpRe-Uz_aem_qZd2vFl068gQWriyImxcRw,2026-08-28
ITM040,SEA004,Double Strawberry Matcha Latte,Matcha Latte,Strawberry,FALSE,TRUE,16oz,$9.00,$9.00,Whole; Oat; Almond; Coconut; Soy,Ceremonial,Order App,https://order.toasttab.com/online/matcha-man-ice-cream-taiyaki-6014-12th-ave-s?fbclid=PAQ0xDSwN3cJ5leHRuA2FlbQIxMQABpwXOa_FdXAfQuPvL9ZjM5MweP_pljonaKOdmgfYE6zo9K3ZLXCQo9RpRe-Uz_aem_qZd2vFl068gQWriyImxcRw,2026-08-28
ITM041,SEA004,Strawberry Cream Top Matcha Latte,Matcha Latte,Strawberry,FALSE,TRUE,16oz,$8.50,$8.50,Whole; Oat; Almond; Coconut; Soy,Ceremonial,Order App,https://order.toasttab.com/online/matcha-man-ice-cream-taiyaki-6014-12th-ave-s?fbclid=PAQ0xDSwN3cJ5leHRuA2FlbQIxMQABpwXOa_FdXAfQuPvL9ZjM5MweP_pljonaKOdmgfYE6zo9K3ZLXCQo9RpRe-Uz_aem_qZd2vFl068gQWriyImxcRw,2026-08-28
ITM042,SEA004,Salted Cream Top Matcha Latte,Matcha Latte,Original,FALSE,TRUE,16oz,$8.00,$8.00,Whole; Oat; Almond; Coconut; Soy,Ceremonial,Order App,https://order.toasttab.com/online/matcha-man-ice-cream-taiyaki-6014-12th-ave-s?fbclid=PAQ0xDSwN3cJ5leHRuA2FlbQIxMQABpwXOa_FdXAfQuPvL9ZjM5MweP_pljonaKOdmgfYE6zo9K3ZLXCQo9RpRe-Uz_aem_qZd2vFl068gQWriyImxcRw,2026-08-28
ITM043,SEA004,Coconut Matcha Cloud,Matcha Latte,Coconut,FALSE,TRUE,12oz;16oz,$7.50,$8.50,Whole; Oat; Almond; Coconut; Soy,Ceremonial,Order App,https://order.toasttab.com/online/matcha-man-ice-cream-taiyaki-6014-12th-ave-s?fbclid=PAQ0xDSwN3cJ5leHRuA2FlbQIxMQABpwXOa_FdXAfQuPvL9ZjM5MweP_pljonaKOdmgfYE6zo9K3ZLXCQo9RpRe-Uz_aem_qZd2vFl068gQWriyImxcRw,2026-08-28
ITM044,SEA004,Calamansi Matcha Soda,Matcha Soda,Calamansi,FALSE,TRUE,12oz;16oz,$5.75,$6.75,Whole; Oat; Almond; Coconut; Soy,Ceremonial,Order App,https://order.toasttab.com/online/matcha-man-ice-cream-taiyaki-6014-12th-ave-s?fbclid=PAQ0xDSwN3cJ5leHRuA2FlbQIxMQABpwXOa_FdXAfQuPvL9ZjM5MweP_pljonaKOdmgfYE6zo9K3ZLXCQo9RpRe-Uz_aem_qZd2vFl068gQWriyImxcRw,2026-08-28
ITM045,SEA004,Banana Bread Matcha Latte,Matcha Latte,Banana,TRUE,TRUE,16oz,$8.50,$8.50,Whole; Oat; Almond; Coconut; Soy,Ceremonial,Order App,https://order.toasttab.com/online/matcha-man-ice-cream-taiyaki-6014-12th-ave-s?fbclid=PAQ0xDSwN3cJ5leHRuA2FlbQIxMQABpwXOa_FdXAfQuPvL9ZjM5MweP_pljonaKOdmgfYE6zo9K3ZLXCQo9RpRe-Uz_aem_qZd2vFl068gQWriyImxcRw,2026-08-28
ITM046,SEA004,Taiyaki Cone,Matcha Dessert,Original,,,,$8.50,$8.50,,,Order App,https://order.toasttab.com/online/matcha-man-ice-cream-taiyaki-6014-12th-ave-s?fbclid=PAQ0xDSwN3cJ5leHRuA2FlbQIxMQABpwXOa_FdXAfQuPvL9ZjM5MweP_pljonaKOdmgfYE6zo9K3ZLXCQo9RpRe-Uz_aem_qZd2vFl068gQWriyImxcRw,2026-08-28
ITM047,SEA004,Taiyaki Box,Matcha Dessert,Original,,,,$9.00,$9.00,,,Order App,https://order.toasttab.com/online/matcha-man-ice-cream-taiyaki-6014-12th-ave-s?fbclid=PAQ0xDSwN3cJ5leHRuA2FlbQIxMQABpwXOa_FdXAfQuPvL9ZjM5MweP_pljonaKOdmgfYE6zo9K3ZLXCQo9RpRe-Uz_aem_qZd2vFl068gQWriyImxcRw,2026-08-28
ITM048,SEA004,Soft Serve Box,Matcha Dessert,Original,,,,$7.00,$7.00,,,Order App,https://order.toasttab.com/online/matcha-man-ice-cream-taiyaki-6014-12th-ave-s?fbclid=PAQ0xDSwN3cJ5leHRuA2FlbQIxMQABpwXOa_FdXAfQuPvL9ZjM5MweP_pljonaKOdmgfYE6zo9K3ZLXCQo9RpRe-Uz_aem_qZd2vFl068gQWriyImxcRw,2026-08-28
ITM049,SEA005,Matcha Cloud,Matcha Latte,Coconut,FALSE,TRUE,16oz,$6.50,$6.50,Coconut,,Official Website,https://drip-drip-coffeehouse-seattle.cloveronline.com/menu/all,2026-08-28
ITM050,SEA005,Matcha O Latte,Matcha Latte,Original,TRUE,TRUE,16oz,$7.25,$7.25,Oat,,Official Website,https://drip-drip-coffeehouse-seattle.cloveronline.com/menu/all,2026-08-28
ITM051,SEA005,Matcha Banana Latte,Matcha Latte,Banana,TRUE,TRUE,16oz,$8.25,$8.25,Oat,,Official Website,https://drip-drip-coffeehouse-seattle.cloveronline.com/menu/all,2026-08-28
ITM052,SEA005,Matcha Strawberry Latte,Matcha Latte,Strawberry,TRUE,TRUE,16oz,$8.25,$8.25,Oat,,Official Website,https://drip-drip-coffeehouse-seattle.cloveronline.com/menu/all,2026-08-28
ITM053,SEA005,Matcha Mango Latte,Matcha Latte,Mango,TRUE,TRUE,16oz,$8.25,$8.25,Oat,,Official Website,https://drip-drip-coffeehouse-seattle.cloveronline.com/menu/all,2026-08-28
ITM054,SEA005,Matcha Salted Cheese Latte,Matcha Latte,Original,TRUE,TRUE,16oz,$8.25,$8.25,Oat,,Official Website,https://drip-drip-coffeehouse-seattle.cloveronline.com/menu/all,2026-08-28
ITM055,SEA005,Matcha Non-Dairy Latte,Matcha Latte,Original,TRUE,TRUE,16oz,$8.25,$8.25,Oat,,Official Website,https://drip-drip-coffeehouse-seattle.cloveronline.com/menu/all,2026-08-28
ITM056,SEA005,Matcha Cream Brulee Latte,Matcha Latte,Cream Brulee,TRUE,TRUE,16oz,$8.25,$8.25,Oat,,Official Website,https://drip-drip-coffeehouse-seattle.cloveronline.com/menu/all,2026-08-28
ITM057,SEA005,Matcha Salted Egg Yolk Latte,Matcha Latte,Salted Egg Yolk,TRUE,TRUE,16oz,$8.50,$8.50,Oat,,Official Website,https://drip-drip-coffeehouse-seattle.cloveronline.com/menu/all,2026-08-28
ITM058,SEA005,Matcha Sesame Latte,Matcha Latte,Sesame,TRUE,TRUE,16oz,$8.25,$8.25,Oat,,Official Website,https://drip-drip-coffeehouse-seattle.cloveronline.com/menu/all,2026-08-28
ITM059,SEA005,Double Matcha Latte,Matcha Latte,Original,TRUE,TRUE,16oz,$8.25,$8.25,Oat,,Official Website,https://drip-drip-coffeehouse-seattle.cloveronline.com/menu/all,2026-08-28
ITM060,SEA005,Matcha Taro/Ube Latte,Matcha Latte,Taro Ube,TRUE,TRUE,16oz,$8.25,$8.25,Oat,,Official Website,https://drip-drip-coffeehouse-seattle.cloveronline.com/menu/all,2026-08-28